Date,Day of the week,CarCount,BikeCount,BusCount,TruckCount,Total,Traffic Situation
10,2,31,0,4,4,39,1
10,2,49,0,3,3,55,1
10,2,46,0,3,6,55,1
10,2,51,0,2,5,58,1
10,2,57,6,15,16,94,2
10,2,44,0,5,4,53,1
10,2,37,0,1,4,42,1
10,2,42,4,4,5,55,1
10,2,51,0,9,7,67,1
10,2,34,0,4,7,45,1
10,2,45,0,1,1,47,1
10,2,45,0,1,3,49,1
10,2,50,0,3,0,53,1
10,2,34,0,4,4,42,1
10,2,129,22,42,1,194,4
10,2,144,16,49,0,209,4
10,2,111,28,20,3,162,2
10,2,67,11,10,16,104,2
10,2,65,24,7,16,112,2
10,2,94,27,7,16,144,2
10,2,94,20,8,7,129,2
10,2,67,29,5,10,111,1
10,2,56,12,2,14,84,2
10,2,57,13,3,11,84,1
10,2,129,22,42,1,194,4
10,2,144,16,49,0,209,4
10,2,111,28,20,3,162,2
10,2,120,27,46,3,196,4
10,2,102,39,47,1,189,4
10,2,145,23,27,0,195,4
10,2,114,37,21,5,177,4
10,2,108,18,22,1,149,2
10,2,122,28,33,1,184,4
10,2,114,39,30,3,186,4
10,2,150,36,25,1,212,4
10,2,107,10,49,2,168,4
10,2,124,24,22,0,170,4
10,2,77,16,39,29,161,3
10,2,15,23,30,21,89,2
10,2,32,22,38,21,113,3
10,2,68,13,29,24,134,3
10,2,27,16,36,30,109,2
10,2,76,7,11,15,109,2
10,2,41,23,20,17,101,2
10,2,33,10,3,29,75,2
10,2,58,8,14,29,109,2
10,2,65,7,11,26,109,2
10,2,47,9,6,29,91,2
10,2,38,10,5,25,78,2
10,2,57,8,12,29,106,2
10,2,20,6,4,20,50,2
10,2,24,9,14,23,70,2
10,2,52,10,13,21,96,2
10,2,79,15,36,18,148,3
10,2,84,24,22,18,148,2
10,2,59,19,35,16,129,3
10,2,88,26,31,19,164,3
10,2,24,11,32,13,80,2
10,2,110,17,23,20,170,4
10,2,29,26,5,6,66,1
10,2,43,26,11,20,100,2
10,2,68,28,9,15,120,2
10,2,108,16,8,18,150,2
10,2,101,26,8,14,149,2
10,2,141,31,36,6,214,4
10,2,120,25,28,5,178,4
10,2,137,23,44,5,209,4
10,2,124,11,30,7,172,4
10,2,145,25,49,7,226,4
10,2,122,37,23,8,190,4
10,2,136,30,20,9,195,4
10,2,145,18,40,9,212,4
10,2,138,34,28,5,205,4
10,2,123,10,29,8,170,4
10,2,105,15,21,9,150,2
10,2,75,22,20,11,128,2
10,2,90,12,10,13,125,2
10,2,102,22,20,16,160,2
10,2,61,18,15,27,121,3
10,2,70,8,14,6,98,1
10,2,80,17,12,34,143,3
10,2,62,12,14,19,107,2
10,2,96,5,11,13,125,2
10,2,102,6,12,13,133,2
10,2,91,14,15,6,126,2
10,2,95,8,17,13,133,2
10,2,75,15,12,21,123,3
10,2,53,21,20,10,104,2
10,2,13,1,0,19,33,2
10,2,10,0,1,24,35,2
10,2,16,2,0,33,51,2
10,2,11,1,0,29,41,2
10,2,18,2,1,13,34,2
10,2,15,0,1,11,27,1
10,2,14,1,0,33,48,2
10,2,17,2,0,22,41,2
11,3,12,2,1,17,32,2
11,3,18,0,0,29,47,2
11,3,16,1,0,14,31,2
11,3,20,0,0,14,34,2
11,3,20,1,1,30,52,2
11,3,15,0,1,23,39,2
11,3,16,0,1,26,43,2
11,3,18,4,0,11,33,1
11,3,17,3,1,36,57,2
11,3,14,4,1,10,29,1
11,3,18,2,1,25,46,2
11,3,12,2,0,19,33,2
11,3,11,4,0,30,45,2
11,3,19,1,1,36,57,2
11,3,10,4,0,36,50,2
11,3,20,1,1,32,54,2
11,3,15,5,1,40,61,2
11,3,104,6,5,1,116,2
11,3,109,25,3,8,145,2
11,3,82,23,8,20,133,2
11,3,81,25,1,18,125,2
11,3,95,16,10,1,122,2
11,3,91,24,7,6,128,2
11,3,81,30,10,0,121,2
11,3,125,13,26,2,166,3
11,3,125,39,49,3,216,4
11,3,125,34,37,1,197,4
11,3,125,19,25,4,173,4
11,3,125,15,49,0,189,4
11,3,125,32,50,5,212,4
11,3,125,38,50,1,214,4
11,3,125,29,29,3,186,4
11,3,125,31,48,4,208,4
11,3,125,32,50,0,207,4
11,3,125,31,45,0,201,4
11,3,125,21,20,1,167,2
11,3,125,28,36,0,189,4
11,3,39,10,37,16,102,2
11,3,89,8,12,13,122,2
11,3,51,16,16,13,96,2
11,3,17,9,18,28,72,2
11,3,48,25,36,21,130,3
11,3,93,7,30,16,146,3
11,3,55,15,36,15,121,3
11,3,51,10,8,22,91,2
11,3,51,7,3,24,85,2
11,3,51,9,7,30,97,2
11,3,51,7,14,20,92,2
11,3,51,10,14,20,95,2
11,3,51,10,6,22,89,2
11,3,51,8,11,22,92,2
11,3,51,6,10,26,93,2
11,3,51,7,7,27,92,2
11,3,104,17,25,20,166,2
11,3,6,28,27,14,75,2
11,3,54,29,37,9,129,3
11,3,43,13,30,20,106,2
11,3,60,21,26,11,118,3
11,3,101,23,8,20,152,2
11,3,62,26,19,11,118,2
11,3,39,24,13,11,87,1
11,3,90,20,35,7,152,3
11,3,109,30,22,20,181,4
11,3,68,26,25,20,139,2
11,3,142,22,37,6,207,4
11,3,113,14,20,5,152,2
11,3,142,13,37,8,200,4
11,3,108,23,26,9,166,3
11,3,122,29,30,7,188,4
11,3,133,12,30,7,182,4
11,3,118,23,38,10,189,4
11,3,121,35,26,8,190,4
11,3,116,23,20,8,167,2
11,3,132,12,27,8,179,4
11,3,144,17,33,7,201,4
11,3,103,21,11,11,146,2
11,3,107,15,10,15,147,2
11,3,50,10,10,17,87,2
11,3,108,15,10,6,139,2
11,3,108,24,15,29,176,4
11,3,101,6,15,13,135,2
11,3,55,17,12,19,103,2
11,3,77,7,20,16,120,2
11,3,91,12,19,8,130,2
11,3,95,25,17,29,166,3
11,3,78,17,17,27,139,3
11,3,98,16,16,21,151,3
11,3,86,13,11,35,145,3
11,3,18,4,0,16,38,2
11,3,18,5,0,12,35,1
11,3,18,2,1,25,46,2
11,3,18,1,0,17,36,2
11,3,18,5,0,21,44,2
11,3,18,0,1,12,31,1
11,3,18,3,1,28,50,2
11,3,18,4,1,40,63,2
12,4,18,1,1,39,59,2
12,4,18,4,0,30,52,2
12,4,18,5,1,13,37,2
12,4,18,2,0,37,57,2
12,4,18,0,0,13,31,2
12,4,18,5,0,11,34,1
12,4,18,5,1,12,36,1
12,4,18,1,1,16,36,2
12,4,18,1,1,34,54,2
12,4,18,1,0,24,43,2
12,4,18,0,0,23,41,2
12,4,18,0,0,27,45,2
12,4,18,5,0,28,51,2
12,4,18,1,0,14,33,2
12,4,18,5,0,25,48,2
12,4,18,4,1,30,53,2
12,4,18,5,1,30,54,2
12,4,62,24,7,2,95,1
12,4,51,23,6,1,81,1
12,4,114,23,10,19,166,2
12,4,85,22,9,9,125,2
12,4,102,24,4,20,150,2
12,4,101,18,3,17,139,2
12,4,116,19,0,17,152,2
12,4,117,38,50,5,210,4
12,4,114,32,34,2,182,4
12,4,120,17,23,1,161,2
12,4,145,20,25,2,192,4
12,4,125,30,48,1,204,4
12,4,103,27,45,1,176,4
12,4,114,20,43,1,178,4
12,4,145,10,44,1,200,4
12,4,147,31,20,4,202,4
12,4,104,24,40,0,168,4
12,4,124,11,22,0,157,2
12,4,101,37,31,4,173,4
12,4,144,30,37,1,212,4
12,4,24,18,37,18,97,2
12,4,24,8,17,25,74,2
12,4,16,22,12,20,70,2
12,4,26,2,39,26,93,2
12,4,90,7,18,15,130,2
12,4,59,6,11,11,87,1
12,4,28,7,22,18,75,2
12,4,60,5,14,21,100,2
12,4,69,9,8,23,109,2
12,4,59,9,12,26,106,2
12,4,24,10,5,21,60,2
12,4,41,7,7,21,76,2
12,4,48,10,9,29,96,2
12,4,59,10,14,23,106,2
12,4,67,7,12,28,114,3
12,4,52,9,8,20,89,2
12,4,45,26,29,10,110,2
12,4,14,21,7,18,60,2
12,4,55,22,24,10,111,2
12,4,45,14,39,5,103,2
12,4,90,17,16,11,134,2
12,4,33,21,25,5,84,2
12,4,118,25,31,13,187,4
12,4,86,28,13,5,132,2
12,4,105,29,22,12,168,4
12,4,10,19,26,8,63,2
12,4,46,22,18,9,95,2
12,4,105,35,48,6,194,4
12,4,135,37,34,5,211,4
12,4,103,29,44,6,182,4
12,4,113,13,42,10,178,4
12,4,103,20,27,9,159,3
12,4,150,13,20,9,192,4
12,4,116,25,33,8,182,4
12,4,109,16,41,9,175,4
12,4,112,11,50,5,178,4
12,4,104,31,30,5,170,4
12,4,146,18,40,6,210,4
12,4,110,24,10,29,173,4
12,4,60,15,12,25,112,3
12,4,103,9,14,29,155,3
12,4,102,6,15,6,129,2
12,4,51,17,16,8,92,2
12,4,62,12,11,18,103,2
12,4,103,14,12,5,134,2
12,4,50,7,11,23,91,2
12,4,80,14,20,6,120,2
12,4,98,13,18,21,150,3
12,4,53,25,20,13,111,2
12,4,52,8,10,27,97,2
12,4,71,23,13,21,128,3
12,4,17,3,0,29,49,2
12,4,20,5,1,36,62,2
12,4,15,0,0,32,47,2
12,4,15,0,1,20,36,2
12,4,14,2,0,23,39,2
12,4,13,1,0,29,43,2
12,4,14,5,0,31,50,2
12,4,16,3,0,33,52,2
13,5,18,4,1,15,38,2
13,5,20,0,1,23,44,2
13,5,19,3,0,16,38,2
13,5,10,3,0,12,25,1
13,5,10,4,0,23,37,2
13,5,12,5,0,29,46,2
13,5,10,0,0,39,49,2
13,5,16,2,1,21,40,2
13,5,18,4,1,36,59,2
13,5,15,1,0,14,30,2
13,5,17,4,0,13,34,2
13,5,18,3,1,24,46,2
13,5,19,2,0,11,32,1
13,5,19,3,0,21,43,2
13,5,19,3,1,31,54,2
13,5,14,2,1,19,36,2
13,5,11,0,0,27,38,2
13,5,27,6,1,11,45,1
13,5,33,11,6,13,63,2
13,5,63,6,7,10,86,1
13,5,58,13,4,15,90,2
13,5,57,11,7,10,85,1
13,5,63,10,6,12,91,1
13,5,74,9,0,15,98,2
13,5,71,9,7,10,97,1
13,5,33,9,6,13,61,2
13,5,29,6,1,12,48,1
13,5,32,9,3,11,55,1
13,5,57,14,3,11,85,1
13,5,31,11,0,14,56,2
13,5,30,9,3,10,52,1
13,5,61,8,7,12,88,1
13,5,47,10,4,10,71,1
13,5,80,16,4,15,115,2
13,5,49,10,2,10,71,1
13,5,58,7,5,13,83,2
13,5,53,19,1,10,83,1
13,5,132,47,25,0,204,4
13,5,131,52,15,0,198,4
13,5,171,59,27,3,260,4
13,5,131,43,20,3,197,4
13,5,177,56,12,4,249,4
13,5,160,47,30,3,240,4
13,5,178,68,28,4,278,4
13,5,169,70,20,3,262,4
13,5,133,56,25,2,216,4
13,5,151,52,13,0,216,4
13,5,179,46,27,3,255,4
13,5,144,68,20,0,232,4
13,5,162,46,19,2,229,4
13,5,159,44,23,2,228,4
13,5,174,67,30,1,272,4
13,5,136,57,29,4,226,4
13,5,156,42,12,3,213,4
13,5,175,63,19,3,260,4
13,5,172,62,20,2,256,4
13,5,171,49,15,0,235,4
13,5,172,65,18,2,257,4
13,5,176,50,13,1,240,4
13,5,153,50,23,3,229,4
13,5,148,64,27,0,239,4
13,5,56,28,6,2,92,1
13,5,88,26,25,0,139,2
13,5,82,23,14,0,119,2
13,5,77,20,7,0,104,1
13,5,66,24,1,0,91,1
13,5,72,22,8,2,104,1
13,5,62,28,21,2,113,2
13,5,66,26,4,1,97,1
13,5,85,20,4,0,109,1
13,5,87,24,11,2,124,2
13,5,67,28,25,0,120,2
13,5,70,26,16,2,114,2
13,5,62,20,20,1,103,2
13,5,67,29,1,0,97,1
13,5,65,25,1,1,92,1
13,5,76,24,23,0,123,2
13,5,42,1,5,11,59,1
13,5,42,10,3,1,56,1
13,5,31,11,1,12,55,1
13,5,47,7,3,6,63,1
13,5,28,7,2,4,41,1
13,5,22,3,6,1,32,1
13,5,29,1,7,5,42,1
13,5,43,9,1,11,64,1
13,5,23,3,3,8,37,1
13,5,21,2,5,15,43,2
13,5,31,2,1,9,43,1
13,5,15,5,0,18,38,2
13,5,11,2,0,15,28,2
13,5,12,0,1,17,30,2
13,5,18,3,0,18,39,2
13,5,19,1,0,31,51,2
13,5,17,0,0,22,39,2
13,5,15,5,0,14,34,2
13,5,15,1,1,24,41,2
14,6,18,4,0,33,55,2
14,6,14,4,0,34,52,2
14,6,14,0,1,19,34,2
14,6,19,3,0,36,58,2
14,6,10,4,1,21,36,2
14,6,19,1,0,19,39,2
14,6,18,5,0,26,49,2
14,6,17,1,1,25,44,2
14,6,20,2,0,12,34,1
14,6,15,5,0,15,35,2
14,6,11,4,0,14,29,2
14,6,14,3,1,18,36,2
14,6,13,2,0,39,54,2
14,6,17,5,0,29,51,2
14,6,13,5,0,31,49,2
14,6,18,5,0,35,58,2
14,6,15,4,0,16,35,2
14,6,55,15,5,3,78,1
14,6,76,10,7,9,102,1
14,6,98,0,9,19,126,2
14,6,98,12,6,6,122,2
14,6,103,2,10,20,135,2
14,6,93,17,8,12,130,2
14,6,115,27,9,16,167,2
14,6,120,12,22,3,157,2
14,6,142,18,27,0,187,4
14,6,117,29,49,2,197,4
14,6,126,36,24,0,186,4
14,6,110,39,38,5,192,4
14,6,149,20,39,5,213,4
14,6,109,29,23,5,166,2
14,6,124,34,24,4,186,4
14,6,149,35,32,1,217,4
14,6,125,32,38,4,199,4
14,6,101,23,38,1,163,3
14,6,137,36,30,0,203,4
14,6,139,15,21,3,178,4
14,6,19,3,29,9,60,2
14,6,13,11,39,7,70,2
14,6,31,2,29,27,89,2
14,6,18,24,21,22,85,2
14,6,26,12,14,13,65,2
14,6,31,15,13,28,87,2
14,6,12,22,8,11,53,1
14,6,54,5,13,23,95,2
14,6,59,7,13,21,100,2
14,6,58,8,6,23,95,2
14,6,53,8,9,25,95,2
14,6,54,7,7,20,88,2
14,6,39,10,4,29,82,2
14,6,38,9,8,22,77,2
14,6,36,5,10,23,74,2
14,6,68,6,12,24,110,2
14,6,50,18,26,14,108,2
14,6,120,28,22,20,190,4
14,6,60,14,28,9,111,2
14,6,105,14,8,19,146,2
14,6,89,27,18,8,142,2
14,6,28,17,31,10,86,2
14,6,79,14,23,6,122,2
14,6,15,11,30,14,70,2
14,6,77,27,23,18,145,2
14,6,19,14,24,6,63,2
14,6,79,13,28,7,127,3
14,6,114,10,22,9,155,2
14,6,150,30,22,5,207,4
14,6,142,23,25,7,197,4
14,6,111,36,25,6,178,4
14,6,143,37,38,8,226,4
14,6,120,37,43,10,210,4
14,6,147,20,49,7,223,2
14,6,140,22,27,5,194,4
14,6,128,37,20,9,194,4
14,6,114,23,42,10,189,4
14,6,117,20,22,9,168,4
14,6,93,24,17,23,157,3
14,6,65,15,15,8,103,1
14,6,100,22,14,8,144,2
14,6,85,12,11,18,126,2
14,6,56,7,12,12,87,1
14,6,50,12,15,18,95,2
14,6,74,9,11,12,106,1
14,6,73,15,18,7,113,2
14,6,99,13,20,30,162,3
14,6,110,14,17,8,149,2
14,6,82,5,12,34,133,3
14,6,58,19,12,17,106,2
14,6,70,10,14,32,126,3
14,6,10,1,0,33,44,2
14,6,14,1,1,40,56,2
14,6,17,1,1,17,36,2
14,6,12,4,1,22,39,2
14,6,15,0,0,16,31,2
14,6,13,4,0,25,42,2
14,6,14,5,1,12,32,1
14,6,18,1,1,35,55,2
15,7,18,5,1,19,43,2
15,7,19,3,0,38,60,2
15,7,13,0,1,12,26,1
15,7,20,0,1,38,59,2
15,7,20,1,1,24,46,2
15,7,17,3,1,17,38,2
15,7,12,3,1,35,51,2
15,7,19,0,1,30,50,2
15,7,19,2,1,30,52,2
15,7,18,1,0,16,35,2
15,7,11,0,0,31,42,2
15,7,10,1,1,12,24,1
15,7,16,1,0,24,41,2
15,7,18,3,0,28,49,2
15,7,20,1,1,39,61,2
15,7,19,3,1,27,50,2
15,7,14,1,1,34,50,2
15,7,61,26,1,16,104,2
15,7,72,26,6,4,108,1
15,7,86,24,3,18,131,2
15,7,75,1,8,10,94,1
15,7,75,1,7,9,92,1
15,7,93,5,4,1,103,1
15,7,111,6,2,5,124,2
15,7,111,18,41,2,172,4
15,7,114,27,46,0,187,4
15,7,139,19,50,2,210,4
15,7,109,14,38,1,162,3
15,7,105,16,22,3,146,2
15,7,150,13,31,4,198,4
15,7,122,13,47,3,185,4
15,7,114,24,46,2,186,4
15,7,119,36,41,0,196,4
15,7,108,35,39,0,182,4
15,7,113,18,28,1,160,3
15,7,118,36,37,0,191,4
15,7,113,35,48,3,199,4
15,7,66,7,22,30,125,3
15,7,64,12,27,8,111,2
15,7,37,5,13,11,66,1
15,7,82,17,31,20,150,3
15,7,63,5,23,12,103,2
15,7,20,12,16,24,72,2
15,7,46,5,34,9,94,2
15,7,35,9,8,29,81,2
15,7,33,9,11,21,74,2
15,7,32,9,10,30,81,2
15,7,62,10,6,22,100,2
15,7,62,10,11,22,105,2
15,7,54,10,12,25,101,2
15,7,48,8,15,23,94,2
15,7,20,10,12,24,66,2
15,7,35,10,5,30,80,2
15,7,112,15,40,10,177,4
15,7,51,21,25,13,110,2
15,7,53,12,23,8,96,2
15,7,63,22,18,15,118,2
15,7,50,23,16,8,97,2
15,7,94,20,35,17,166,3
15,7,7,27,39,17,90,2
15,7,109,18,13,6,146,2
15,7,18,27,19,6,70,2
15,7,21,30,5,5,61,1
15,7,49,16,9,12,86,1
15,7,129,28,40,6,203,4
15,7,141,18,28,8,195,4
15,7,131,14,43,7,195,4
15,7,105,38,23,5,171,4
15,7,125,35,37,5,202,4
15,7,127,36,42,9,214,4
15,7,129,22,25,9,185,4
15,7,121,39,47,8,215,4
15,7,138,29,42,9,218,4
15,7,119,26,21,5,171,4
15,7,138,17,48,8,211,4
15,7,72,12,14,32,130,3
15,7,92,23,20,30,165,3
15,7,94,17,11,24,146,3
15,7,102,25,12,24,163,3
15,7,71,23,17,14,125,2
15,7,58,5,19,25,107,2
15,7,93,22,18,10,143,2
15,7,59,23,10,35,127,3
15,7,57,20,10,20,107,2
15,7,96,9,18,25,148,3
15,7,104,12,16,20,152,2
15,7,104,22,17,23,166,3
15,7,88,8,11,29,136,3
15,7,20,3,0,16,39,2
15,7,17,2,1,30,50,2
15,7,17,4,0,23,44,2
15,7,15,5,0,21,41,2
15,7,10,0,1,31,42,2
15,7,11,1,1,19,32,2
15,7,12,2,0,29,43,2
15,7,11,0,1,11,23,1
16,1,18,4,1,28,51,2
16,1,13,3,0,26,42,2
16,1,16,3,0,34,53,2
16,1,16,4,0,35,55,2
16,1,20,2,1,33,56,2
16,1,14,4,1,28,47,2
16,1,11,4,1,19,35,2
16,1,19,4,0,17,40,2
16,1,18,3,1,26,48,2
16,1,10,1,1,21,33,2
16,1,20,5,1,40,66,2
16,1,11,5,0,37,53,2
16,1,15,4,1,29,49,2
16,1,16,2,1,27,46,2
16,1,10,3,1,23,37,2
16,1,16,5,1,31,53,2
16,1,20,0,1,30,51,2
16,1,61,4,5,17,87,2
16,1,91,8,6,2,107,1
16,1,94,4,5,2,105,1
16,1,117,8,6,16,147,2
16,1,111,14,10,14,149,2
16,1,91,2,3,5,101,1
16,1,96,9,1,16,122,2
16,1,134,15,42,5,196,4
16,1,121,35,39,4,199,4
16,1,118,40,40,3,201,4
16,1,115,17,40,1,173,4
16,1,106,22,37,0,165,3
16,1,147,26,40,0,213,4
16,1,102,13,31,2,148,3
16,1,102,12,24,3,141,2
16,1,130,40,31,2,203,4
16,1,102,17,33,0,152,3
16,1,105,13,48,5,171,4
16,1,129,24,25,0,178,4
16,1,117,11,45,0,173,4
16,1,74,14,23,21,132,3
16,1,80,14,35,18,147,3
16,1,31,7,34,24,96,2
16,1,18,15,9,15,57,2
16,1,15,10,23,20,68,2
16,1,37,18,8,16,79,2
16,1,10,7,5,14,36,2
16,1,54,6,15,23,98,2
16,1,34,7,5,24,70,2
16,1,50,7,8,21,86,2
16,1,44,9,10,24,87,2
16,1,63,8,15,24,110,2
16,1,56,6,6,29,97,2
16,1,69,5,13,27,114,3
16,1,39,5,3,30,77,2
16,1,61,10,14,24,109,2
16,1,61,30,5,20,116,2
16,1,20,17,9,5,51,1
16,1,70,22,38,7,137,3
16,1,25,30,31,9,95,2
16,1,23,13,12,6,54,1
16,1,105,30,24,8,167,2
16,1,107,10,6,6,129,2
16,1,40,20,36,7,103,2
16,1,74,18,37,11,140,3
16,1,62,15,8,11,96,1
16,1,81,20,14,12,127,2
16,1,111,32,43,5,191,4
16,1,145,12,41,6,204,4
16,1,139,11,20,7,177,4
16,1,129,40,31,10,210,4
16,1,128,22,28,8,186,4
16,1,103,17,23,8,151,2
16,1,127,32,29,7,195,4
16,1,120,35,44,8,207,4
16,1,106,11,41,7,165,3
16,1,114,40,31,5,190,4
16,1,101,13,20,7,141,2
16,1,110,25,19,34,188,4
16,1,108,6,17,23,154,3
16,1,104,12,10,10,136,2
16,1,102,22,17,23,164,3
16,1,77,19,16,8,120,2
16,1,70,16,19,33,138,3
16,1,75,9,13,28,125,3
16,1,95,9,16,29,149,3
16,1,77,17,17,22,133,3
16,1,73,16,14,34,137,3
16,1,59,7,18,12,96,2
16,1,54,20,10,9,93,1
16,1,90,6,18,32,146,3
16,1,15,5,1,32,53,2
16,1,12,1,0,11,24,1
16,1,17,2,0,28,47,2
16,1,13,5,1,12,31,1
16,1,15,5,0,21,41,2
16,1,18,4,0,11,33,1
16,1,12,4,0,21,37,2
16,1,10,4,1,12,27,1
17,2,15,2,0,25,42,2
17,2,11,0,0,24,35,2
17,2,15,2,1,15,33,2
17,2,20,3,1,29,53,2
17,2,17,2,0,24,43,2
17,2,19,5,1,26,51,2
17,2,20,3,1,32,56,2
17,2,15,3,0,19,37,2
17,2,13,5,0,17,35,2
17,2,12,5,1,19,37,2
17,2,10,2,0,27,39,2
17,2,20,4,1,23,48,2
17,2,14,0,0,16,30,2
17,2,12,4,1,28,45,2
17,2,19,2,0,20,41,2
17,2,20,2,1,19,42,2
17,2,16,0,0,36,52,2
17,2,62,20,4,18,104,2
17,2,50,13,2,14,79,2
17,2,101,3,6,6,116,2
17,2,94,15,2,9,120,2
17,2,68,10,8,1,87,1
17,2,95,3,8,20,126,2
17,2,113,7,10,16,146,2
17,2,106,13,39,1,159,3
17,2,105,32,47,4,188,4
17,2,150,19,34,4,207,4
17,2,137,38,39,2,216,4
17,2,113,11,32,1,157,3
17,2,117,30,26,5,178,4
17,2,130,10,37,1,178,4
17,2,150,32,31,1,214,4
17,2,146,10,30,3,189,4
17,2,123,24,46,2,195,4
17,2,110,24,26,4,164,3
17,2,111,33,31,2,177,4
17,2,132,18,32,2,184,4
17,2,66,16,22,13,117,2
17,2,45,24,5,23,97,2
17,2,92,19,15,7,133,2
17,2,78,22,16,25,141,3
17,2,90,2,15,18,125,2
17,2,23,2,37,9,71,2
17,2,17,5,6,20,48,2
17,2,41,5,4,24,74,2
17,2,32,5,15,26,78,2
17,2,65,7,7,22,101,2
17,2,22,6,3,25,56,2
17,2,54,7,4,28,93,2
17,2,38,5,8,28,79,2
17,2,59,7,15,23,104,2
17,2,34,8,10,23,75,2
17,2,28,6,3,27,64,2
17,2,7,16,11,14,48,2
17,2,8,12,22,8,50,2
17,2,42,25,38,18,123,3
17,2,82,13,28,5,128,3
17,2,14,24,26,9,73,2
17,2,39,25,33,9,106,2
17,2,47,14,29,6,96,2
17,2,120,20,21,18,179,4
17,2,114,11,39,10,174,4
17,2,99,24,30,10,163,3
17,2,78,18,30,8,134,3
17,2,144,40,29,10,223,2
17,2,107,28,38,9,182,4
17,2,123,28,24,10,185,4
17,2,126,15,28,6,175,4
17,2,147,28,23,5,203,4
17,2,100,21,33,7,161,3
17,2,113,12,22,6,153,2
17,2,130,34,30,6,200,4
17,2,118,40,29,10,197,4
17,2,113,38,44,9,204,4
17,2,117,29,29,9,184,4
17,2,106,12,20,32,170,4
17,2,96,11,15,14,136,2
17,2,58,11,14,24,107,2
17,2,76,22,10,9,117,2
17,2,66,6,12,33,117,3
17,2,61,23,13,18,115,2
17,2,93,6,15,17,131,2
17,2,51,11,16,26,104,2
17,2,86,6,12,9,113,2
17,2,77,15,12,29,133,3
17,2,84,15,16,8,123,2
17,2,103,12,15,10,140,2
17,2,60,9,11,27,107,2
17,2,14,1,1,22,38,2
17,2,14,2,0,35,51,2
17,2,13,1,1,31,46,2
17,2,19,0,1,22,42,2
17,2,13,4,0,28,45,2
17,2,13,1,0,26,40,2
17,2,12,0,1,34,47,2
17,2,20,1,1,38,60,2
18,3,12,3,0,38,53,2
18,3,12,1,0,40,53,2
18,3,20,5,0,10,35,1
18,3,12,4,1,27,44,2
18,3,15,5,0,21,41,2
18,3,19,2,0,30,51,2
18,3,11,0,1,40,52,2
18,3,15,3,0,35,53,2
18,3,15,0,1,37,53,2
18,3,16,2,0,37,55,2
18,3,10,0,1,24,35,2
18,3,12,0,1,31,44,2
18,3,15,1,1,36,53,2
18,3,14,5,0,17,36,2
18,3,17,3,1,38,59,2
18,3,19,0,0,18,37,2
18,3,18,5,1,30,54,2
18,3,119,12,6,4,141,2
18,3,74,28,1,13,116,2
18,3,101,26,10,0,137,2
18,3,99,4,7,19,129,2
18,3,99,18,7,5,129,2
18,3,102,24,2,8,136,2
18,3,50,4,6,13,73,2
18,3,128,11,46,4,189,4
18,3,129,39,43,0,211,4
18,3,129,27,38,0,194,4
18,3,113,24,22,2,161,2
18,3,141,15,21,5,182,4
18,3,120,22,29,1,172,4
18,3,141,24,47,4,216,4
18,3,149,24,33,1,207,4
18,3,140,40,36,1,217,4
18,3,140,20,36,0,196,4
18,3,107,13,31,4,155,3
18,3,141,15,32,4,192,4
18,3,120,27,38,4,189,4
18,3,70,14,21,5,110,2
18,3,55,24,16,21,116,3
18,3,52,18,22,16,108,2
18,3,65,4,19,21,109,2
18,3,54,10,30,28,122,3
18,3,37,3,32,18,90,2
18,3,23,3,37,18,81,2
18,3,43,7,7,29,86,2
18,3,22,6,13,24,65,2
18,3,21,10,6,30,67,2
18,3,48,8,11,22,89,2
18,3,35,5,12,20,72,2
18,3,69,5,13,22,109,2
18,3,22,9,10,21,62,2
18,3,46,5,9,23,83,2
18,3,49,5,11,21,86,2
18,3,29,18,29,20,96,2
18,3,96,23,31,14,164,3
18,3,100,27,23,16,166,2
18,3,96,22,36,5,159,3
18,3,27,26,25,15,93,2
18,3,114,21,32,5,172,4
18,3,74,27,34,10,145,3
18,3,14,16,9,14,53,2
18,3,84,30,26,10,150,3
18,3,96,19,14,18,147,2
18,3,40,15,28,5,88,2
18,3,110,15,46,5,176,4
18,3,138,39,31,7,215,4
18,3,118,32,32,10,192,4
18,3,142,34,38,9,223,2
18,3,113,13,36,5,167,2
18,3,104,29,32,7,172,4
18,3,134,39,21,9,203,4
18,3,107,15,48,5,175,4
18,3,139,25,43,7,214,4
18,3,128,20,20,6,174,4
18,3,101,13,47,10,171,4
18,3,105,17,13,23,158,3
18,3,103,14,13,9,139,2
18,3,51,23,15,13,102,2
18,3,84,10,16,20,130,2
18,3,97,25,19,24,165,3
18,3,98,8,10,19,135,2
18,3,94,13,19,25,151,3
18,3,105,25,11,35,176,4
18,3,74,9,13,6,102,1
18,3,57,18,13,28,116,3
18,3,57,14,11,33,115,3
18,3,84,23,19,15,141,2
18,3,105,14,16,33,168,4
18,3,10,4,1,38,53,2
18,3,15,1,1,29,46,2
18,3,14,1,1,25,41,2
18,3,20,2,0,37,59,2
18,3,20,1,0,27,48,2
18,3,13,1,1,18,33,2
18,3,19,0,0,35,54,2
18,3,14,1,1,27,43,2
19,4,13,5,0,12,30,1
19,4,18,5,0,12,35,1
19,4,10,3,1,32,46,2
19,4,14,2,0,15,31,2
19,4,16,3,0,15,34,2
19,4,14,2,0,25,41,2
19,4,17,5,0,18,40,2
19,4,13,1,0,28,42,2
19,4,19,0,1,20,40,2
19,4,15,4,0,40,59,2
19,4,14,3,1,26,44,2
19,4,15,4,0,14,33,2
19,4,12,3,1,13,29,2
19,4,12,4,0,31,47,2
19,4,17,4,1,20,42,2
19,4,12,0,1,13,26,2
19,4,18,2,0,16,36,2
19,4,115,16,10,13,154,2
19,4,117,5,10,15,147,2
19,4,92,26,8,7,133,2
19,4,88,3,6,4,101,1
19,4,109,11,4,3,127,2
19,4,81,4,0,20,105,2
19,4,118,2,5,19,144,2
19,4,107,26,31,2,166,3
19,4,103,11,35,5,154,3
19,4,145,13,33,3,194,4
19,4,143,22,37,4,206,4
19,4,113,38,50,3,204,4
19,4,149,10,47,3,209,4
19,4,132,33,35,2,202,4
19,4,119,40,41,2,202,4
19,4,133,31,27,2,193,4
19,4,140,20,44,4,208,4
19,4,140,34,31,1,206,4
19,4,128,37,50,2,217,4
19,4,132,11,24,3,170,4
19,4,23,8,40,27,98,2
19,4,75,2,18,29,124,3
19,4,99,14,33,14,160,3
19,4,10,1,13,7,31,1
19,4,74,21,29,26,150,3
19,4,29,15,25,5,74,2
19,4,50,17,38,24,129,3
19,4,64,9,14,20,107,2
19,4,49,5,10,21,85,2
19,4,39,7,10,30,86,2
19,4,68,5,5,24,102,2
19,4,67,7,8,22,104,2
19,4,47,8,3,25,83,2
19,4,66,9,7,24,106,2
19,4,46,8,3,22,79,2
19,4,54,6,12,21,93,2
19,4,18,16,32,18,84,2
19,4,24,20,7,9,60,1
19,4,113,17,16,20,166,2
19,4,52,13,15,10,90,1
19,4,58,26,25,18,127,2
19,4,44,19,22,6,91,2
19,4,8,26,34,9,77,2
19,4,31,10,27,8,76,2
19,4,115,24,16,5,160,2
19,4,56,29,16,16,117,2
19,4,7,12,33,12,64,2
19,4,133,10,46,10,199,4
19,4,104,31,37,6,178,4
19,4,100,38,36,9,183,4
19,4,127,25,37,5,194,4
19,4,118,32,48,6,204,4
19,4,147,19,31,8,205,4
19,4,123,36,34,5,198,4
19,4,111,24,25,5,165,2
19,4,121,16,42,8,187,4
19,4,119,38,47,7,211,4
19,4,132,30,41,6,209,4
19,4,52,6,12,18,88,2
19,4,97,21,10,8,136,2
19,4,50,16,20,31,117,3
19,4,94,25,19,8,146,2
19,4,66,11,18,34,129,3
19,4,105,16,15,6,142,2
19,4,56,23,10,18,107,2
19,4,105,19,10,25,159,3
19,4,60,18,11,16,105,2
19,4,88,10,14,11,123,2
19,4,110,6,14,23,153,3
19,4,78,20,11,35,144,3
19,4,105,14,10,7,136,2
19,4,18,1,0,10,29,1
19,4,18,1,0,27,46,2
19,4,12,4,1,18,35,2
19,4,15,4,1,32,52,2
19,4,13,4,0,32,49,2
19,4,14,4,0,15,33,2
19,4,15,4,0,17,36,2
19,4,14,0,1,21,36,2
20,5,17,5,0,37,59,2
20,5,14,4,1,12,31,1
20,5,16,2,0,15,33,2
20,5,13,4,1,14,32,2
20,5,12,4,0,29,45,2
20,5,19,4,1,30,54,2
20,5,18,4,0,18,40,2
20,5,18,1,1,12,32,1
20,5,20,4,1,21,46,2
20,5,10,2,1,20,33,2
20,5,18,5,1,23,47,2
20,5,16,5,1,30,52,2
20,5,12,3,0,40,55,2
20,5,12,2,0,40,54,2
20,5,16,0,1,37,54,2
20,5,15,4,1,16,36,2
20,5,13,0,0,38,51,2
20,5,61,5,3,14,83,2
20,5,27,15,6,10,58,1
20,5,74,11,5,15,105,2
20,5,70,6,7,14,97,2
20,5,33,6,0,11,50,1
20,5,29,12,1,13,55,2
20,5,69,5,7,10,91,1
20,5,41,16,7,15,79,2
20,5,35,11,5,11,62,1
20,5,25,9,6,14,54,2
20,5,65,15,1,11,92,1
20,5,66,6,3,14,89,2
20,5,27,6,5,15,53,2
20,5,75,6,1,10,92,1
20,5,54,11,4,12,81,1
20,5,54,18,3,12,87,1
20,5,69,8,0,14,91,2
20,5,52,19,6,10,87,1
20,5,66,8,0,12,86,1
20,5,54,11,0,13,78,2
20,5,151,48,15,3,217,4
20,5,170,62,18,2,252,4
20,5,134,59,11,3,207,4
20,5,166,63,22,1,252,4
20,5,173,64,10,2,249,4
20,5,176,45,22,2,245,4
20,5,162,59,27,1,249,4
20,5,171,46,15,3,235,4
20,5,158,44,26,2,230,4
20,5,151,64,16,0,231,4
20,5,162,65,14,3,244,4
20,5,179,44,23,1,247,4
20,5,175,59,11,3,248,4
20,5,173,63,13,2,251,4
20,5,144,66,11,3,224,4
20,5,132,68,22,4,226,4
20,5,161,50,10,0,221,4
20,5,151,56,29,1,237,4
20,5,168,59,24,1,252,4
20,5,144,65,20,3,232,4
20,5,179,63,12,2,256,4
20,5,161,56,12,4,233,4
20,5,134,67,12,1,214,4
20,5,140,70,23,4,237,4
20,5,66,29,24,1,120,2
20,5,60,27,17,2,106,2
20,5,89,27,10,2,128,2
20,5,81,29,5,0,115,2
20,5,78,22,12,1,113,2
20,5,71,24,18,2,115,2
20,5,50,26,9,1,86,1
20,5,55,28,5,0,88,1
20,5,61,20,25,1,107,2
20,5,76,22,14,2,114,2
20,5,50,20,23,1,94,2
20,5,89,26,0,2,117,2
20,5,62,20,17,0,99,2
20,5,83,20,23,2,128,2
20,5,65,20,2,0,87,1
20,5,60,21,2,1,84,1
20,5,36,8,3,9,56,1
20,5,39,5,4,11,59,1
20,5,26,8,3,0,37,1
20,5,23,4,0,5,32,1
20,5,50,2,0,4,56,1
20,5,30,2,3,1,36,1
20,5,48,10,4,2,64,1
20,5,39,6,6,1,52,1
20,5,47,10,3,9,69,1
20,5,26,3,5,3,37,1
20,5,25,6,3,9,43,1
20,5,19,1,0,11,31,1
20,5,16,5,0,26,47,2
20,5,15,2,1,39,57,2
20,5,14,5,0,11,30,1
20,5,12,2,0,20,34,2
20,5,11,2,0,35,48,2
20,5,18,5,1,11,35,1
20,5,17,2,0,20,39,2
21,7,19,5,1,30,55,2
21,7,17,4,1,24,46,2
21,7,16,3,0,14,33,2
21,7,16,3,1,23,43,2
21,7,20,0,1,17,38,2
21,7,20,0,0,37,57,2
21,7,18,0,1,30,49,2
21,7,19,1,0,14,34,2
21,7,18,5,0,29,52,2
21,7,11,1,0,22,34,2
21,7,20,3,0,24,47,2
21,7,12,2,1,10,25,1
21,7,19,5,1,31,56,2
21,7,10,0,0,32,42,2
21,7,14,1,1,12,28,1
21,7,14,2,1,24,41,2
21,7,10,3,0,32,45,2
21,7,97,23,6,17,143,2
21,7,104,22,7,11,144,2
21,7,100,15,8,20,143,2
21,7,87,7,7,4,105,1
21,7,77,27,8,10,122,2
21,7,51,7,4,5,67,1
21,7,79,1,10,6,96,1
21,7,100,40,29,5,174,4
21,7,112,13,39,0,164,3
21,7,120,16,34,2,172,4
21,7,123,14,26,3,166,3
21,7,142,27,27,4,200,4
21,7,139,38,49,2,228,4
21,7,134,24,21,2,181,4
21,7,102,13,31,0,146,3
21,7,102,16,43,4,165,3
21,7,106,16,32,1,155,3
21,7,117,19,42,3,181,4
21,7,139,36,40,3,218,4
21,7,121,13,25,2,161,2
21,7,65,19,16,11,111,2
21,7,12,25,39,28,104,2
21,7,98,21,10,5,134,2
21,7,58,9,25,13,105,2
21,7,81,10,39,29,159,3
21,7,67,20,33,29,149,3
21,7,68,22,25,16,131,2
21,7,47,10,6,22,85,2
21,7,45,7,10,27,89,2
21,7,54,5,11,24,94,2
21,7,61,7,15,28,111,2
21,7,56,5,4,29,94,2
21,7,23,5,4,27,59,2
21,7,31,6,8,23,68,2
21,7,27,7,14,28,76,2
21,7,30,7,3,30,70,2
21,7,114,21,5,14,154,2
21,7,46,24,35,16,121,3
21,7,68,29,29,20,146,3
21,7,45,16,15,5,81,1
21,7,86,13,11,20,130,2
21,7,44,11,19,15,89,2
21,7,45,17,13,20,95,2
21,7,106,17,7,12,142,2
21,7,44,16,9,13,82,2
21,7,77,23,13,9,122,2
21,7,53,17,26,8,104,2
21,7,138,18,20,8,184,4
21,7,142,24,39,9,214,4
21,7,114,25,21,7,167,2
21,7,116,35,42,6,199,4
21,7,149,22,37,8,216,4
21,7,100,12,39,7,158,3
21,7,101,23,45,5,174,4
21,7,122,40,48,10,220,4
21,7,112,34,39,9,194,4
21,7,112,12,41,5,170,4
21,7,116,22,23,7,168,4
21,7,90,13,15,33,151,3
21,7,85,14,14,13,126,2
21,7,59,25,13,27,124,3
21,7,108,5,15,22,150,3
21,7,75,8,16,25,124,3
21,7,96,15,12,27,150,3
21,7,61,17,10,8,96,1
21,7,84,25,20,30,159,3
21,7,55,9,12,19,95,2
21,7,65,16,12,32,125,3
21,7,87,16,10,16,129,2
21,7,75,5,12,21,113,3
21,7,82,16,14,34,146,3
21,7,11,3,0,34,48,2
21,7,15,5,0,14,34,2
21,7,18,5,1,13,37,2
21,7,19,2,1,34,56,2
21,7,20,4,1,26,51,2
21,7,14,4,0,10,28,1
21,7,11,1,1,36,49,2
21,7,10,2,1,15,28,2
22,6,10,3,0,33,46,2
22,6,14,3,0,23,40,2
22,6,11,5,1,11,28,1
22,6,10,1,1,34,46,2
22,6,20,4,1,17,42,2
22,6,17,5,0,24,46,2
22,6,12,2,1,18,33,2
22,6,15,0,1,16,32,2
22,6,19,5,0,15,39,2
22,6,11,3,1,39,54,2
22,6,14,5,0,10,29,1
22,6,20,0,1,33,54,2
22,6,13,1,1,33,48,2
22,6,18,2,1,12,33,1
22,6,19,2,1,23,45,2
22,6,10,4,0,36,50,2
22,6,13,4,0,17,34,2
22,6,86,28,2,18,134,2
22,6,59,29,9,14,111,2
22,6,102,20,9,13,144,2
22,6,114,28,8,16,166,2
22,6,87,23,5,0,115,2
22,6,88,5,8,13,114,2
22,6,83,6,4,9,102,1
22,6,150,19,24,3,196,4
22,6,148,35,46,1,230,4
22,6,146,23,23,4,196,4
22,6,140,21,39,3,203,4
22,6,149,36,35,1,221,4
22,6,125,34,42,0,201,4
22,6,147,34,20,5,206,4
22,6,128,33,21,4,186,4
22,6,111,38,50,5,204,4
22,6,144,20,32,4,200,4
22,6,121,14,23,1,159,2
22,6,136,36,40,4,216,4
22,6,114,21,23,1,159,2
22,6,75,17,37,29,158,3
22,6,34,5,27,22,88,2
22,6,45,6,7,15,73,2
22,6,65,10,6,27,108,2
22,6,67,25,20,18,130,2
22,6,50,25,25,28,128,3
22,6,37,19,38,12,106,2
22,6,36,8,3,29,76,2
22,6,63,5,8,23,99,2
22,6,67,5,7,22,101,2
22,6,36,9,14,22,81,2
22,6,57,8,10,22,97,2
22,6,65,7,14,25,111,2
22,6,54,10,3,29,96,2
22,6,41,5,4,25,75,2
22,6,43,9,3,25,80,2
22,6,9,27,32,17,85,2
22,6,101,28,18,20,167,2
22,6,99,16,16,18,149,2
22,6,20,27,32,12,91,2
22,6,96,16,39,17,168,4
22,6,62,28,18,20,128,2
22,6,58,27,17,5,107,2
22,6,60,18,28,12,118,3
22,6,81,26,13,17,137,2
22,6,118,15,27,13,173,4
22,6,53,12,25,20,110,2
22,6,132,12,27,9,180,4
22,6,149,14,50,5,218,4
22,6,106,35,41,5,187,4
22,6,150,29,27,7,213,4
22,6,110,30,46,5,191,4
22,6,129,35,34,5,203,4
22,6,133,21,26,5,185,4
22,6,148,34,45,7,234,4
22,6,144,39,43,8,234,4
22,6,126,27,44,8,205,4
22,6,103,34,49,5,191,4
22,6,96,7,13,30,146,3
22,6,54,17,17,19,107,2
22,6,98,16,17,15,146,2
22,6,72,6,19,8,105,2
22,6,69,23,12,31,135,3
22,6,85,13,16,24,138,3
22,6,102,22,12,9,145,2
22,6,103,14,20,14,151,2
22,6,80,12,10,22,124,3
22,6,63,18,11,5,97,1
22,6,84,21,13,9,127,2
22,6,72,10,10,29,121,3
22,6,79,22,17,13,131,2
22,6,12,5,0,27,44,2
22,6,19,1,1,38,59,2
22,6,14,3,0,33,50,2
22,6,16,3,1,37,57,2
22,6,14,5,0,37,56,2
22,6,11,2,1,20,34,2
22,6,20,3,0,25,48,2
22,6,20,0,1,30,51,2
23,1,13,2,1,17,33,2
23,1,20,1,1,19,41,2
23,1,10,2,1,12,25,1
23,1,14,2,0,25,41,2
23,1,12,0,1,16,29,2
23,1,11,5,1,31,48,2
23,1,13,1,1,16,31,2
23,1,17,3,0,10,30,1
23,1,11,1,0,22,34,2
23,1,10,4,1,16,31,2
23,1,15,3,1,32,51,2
23,1,10,0,0,22,32,2
23,1,20,1,1,16,38,2
23,1,16,1,1,15,33,2
23,1,14,4,1,32,51,2
23,1,16,1,1,37,55,2
23,1,10,2,1,36,49,2
23,1,96,18,7,2,123,2
23,1,51,14,0,5,70,1
23,1,63,25,2,8,98,1
23,1,72,7,1,4,84,1
23,1,86,18,6,1,111,1
23,1,105,4,4,20,133,2
23,1,117,10,10,18,155,2
23,1,120,36,32,0,188,4
23,1,135,20,31,0,186,4
23,1,112,40,42,3,197,4
23,1,135,13,20,3,171,4
23,1,105,35,24,2,166,2
23,1,150,25,36,0,211,4
23,1,108,27,23,2,160,2
23,1,108,40,45,1,194,4
23,1,118,19,21,1,159,2
23,1,131,18,41,1,191,4
23,1,148,31,20,4,203,4
23,1,120,26,22,1,169,4
23,1,147,12,32,0,191,4
23,1,73,9,35,12,129,3
23,1,93,21,22,29,165,3
23,1,66,2,10,28,106,2
23,1,18,6,6,6,36,1
23,1,78,1,16,30,125,3
23,1,69,15,24,20,128,2
23,1,82,2,40,17,141,3
23,1,57,9,5,23,94,2
23,1,25,5,14,26,70,2
23,1,40,9,15,28,92,2
23,1,52,6,13,21,92,2
23,1,45,8,13,29,95,2
23,1,67,10,7,25,109,2
23,1,20,8,14,30,72,2
23,1,44,8,4,29,85,2
23,1,63,5,8,29,105,2
23,1,119,15,20,13,167,2
23,1,103,10,23,7,143,2
23,1,42,14,15,14,85,2
23,1,67,20,24,12,123,2
23,1,56,18,29,17,120,3
23,1,65,16,32,15,128,3
23,1,107,11,26,19,163,3
23,1,11,18,22,10,61,2
23,1,28,15,27,12,82,2
23,1,45,17,7,6,75,1
23,1,66,12,27,6,111,2
23,1,104,40,22,9,175,4
23,1,113,21,26,5,165,3
23,1,120,29,37,6,192,4
23,1,129,10,39,6,184,4
23,1,119,29,40,10,198,4
23,1,119,25,32,9,185,4
23,1,123,10,30,7,170,4
23,1,111,33,28,5,177,4
23,1,110,12,47,8,177,4
23,1,139,15,43,9,206,4
23,1,132,29,25,7,193,4
23,1,51,8,18,18,95,2
23,1,76,5,14,20,115,2
23,1,53,15,13,23,104,2
23,1,50,25,19,9,103,2
23,1,86,24,20,34,164,3
23,1,67,23,14,13,117,2
23,1,54,9,15,7,85,1
23,1,59,12,16,35,122,3
23,1,109,25,15,5,154,2
23,1,73,18,10,35,136,3
23,1,65,24,14,19,122,2
23,1,94,10,11,22,137,3
23,1,106,9,12,31,158,3
23,1,18,3,0,11,32,1
23,1,17,1,1,36,55,2
23,1,12,0,0,22,34,2
23,1,11,1,0,19,31,2
23,1,16,1,0,32,49,2
23,1,12,3,1,13,29,2
23,1,14,4,1,27,46,2
23,1,11,3,1,37,52,2
24,2,17,2,0,18,37,2
24,2,18,4,1,39,62,2
24,2,20,4,0,32,56,2
24,2,15,0,0,28,43,2
24,2,11,4,0,12,27,1
24,2,19,5,1,35,60,2
24,2,15,0,1,26,42,2
24,2,11,4,0,31,46,2
24,2,19,2,1,33,55,2
24,2,12,4,1,29,46,2
24,2,15,5,1,16,37,2
24,2,14,4,1,21,40,2
24,2,19,4,1,17,41,2
24,2,10,2,1,12,25,1
24,2,10,0,0,11,21,1
24,2,20,4,1,33,58,2
24,2,10,1,0,12,23,1
24,2,73,12,5,5,95,1
24,2,95,15,4,19,133,2
24,2,81,19,3,13,116,2
24,2,119,25,10,9,163,2
24,2,80,10,4,15,109,2
24,2,102,24,3,16,145,2
24,2,68,17,6,10,101,1
24,2,109,40,38,0,187,4
24,2,124,25,31,1,181,4
24,2,126,22,21,1,170,4
24,2,120,31,29,5,185,4
24,2,101,20,47,5,173,4
24,2,139,40,48,2,229,4
24,2,116,23,23,4,166,2
24,2,101,14,24,0,139,2
24,2,137,40,21,5,203,4
24,2,131,26,36,0,193,4
24,2,114,27,45,4,190,4
24,2,102,14,46,1,163,3
24,2,116,24,32,5,177,4
24,2,29,10,21,12,72,2
24,2,41,12,15,10,78,1
24,2,41,9,7,27,84,2
24,2,90,25,26,10,151,3
24,2,64,25,17,20,126,2
24,2,64,10,17,23,114,3
24,2,69,17,5,28,119,3
24,2,59,9,9,21,98,2
24,2,44,10,12,29,95,2
24,2,43,5,6,26,80,2
24,2,65,7,10,21,103,2
24,2,29,5,12,21,67,2
24,2,24,9,8,20,61,2
24,2,44,6,4,26,80,2
24,2,35,10,12,24,81,2
24,2,43,10,15,21,89,2
24,2,45,17,24,11,97,2
24,2,108,21,37,14,180,4
24,2,53,19,33,9,114,3
24,2,75,23,31,13,142,3
24,2,70,18,5,19,112,2
24,2,52,25,15,19,111,2
24,2,9,18,24,9,60,2
24,2,47,21,9,18,95,2
24,2,116,20,17,19,172,4
24,2,65,14,6,9,94,1
24,2,93,12,13,13,131,2
24,2,100,21,45,9,175,4
24,2,121,24,31,6,182,4
24,2,110,15,50,5,180,4
24,2,103,17,28,5,153,3
24,2,136,38,20,5,199,4
24,2,119,22,32,9,182,4
24,2,132,17,36,5,190,4
24,2,147,10,41,5,203,4
24,2,111,12,44,6,173,4
24,2,102,27,32,5,166,3
24,2,137,25,29,7,198,4
24,2,71,17,15,31,134,3
24,2,64,25,11,15,115,2
24,2,70,16,15,29,130,3
24,2,91,9,11,32,143,3
24,2,95,6,11,35,147,3
24,2,76,16,10,31,133,3
24,2,87,17,18,7,129,2
24,2,63,22,12,29,126,3
24,2,56,17,20,8,101,2
24,2,102,18,19,29,168,4
24,2,60,23,10,13,106,2
24,2,88,6,18,25,137,3
24,2,104,15,10,32,161,3
24,2,16,1,1,26,44,2
24,2,12,1,0,12,25,1
24,2,16,1,0,29,46,2
24,2,13,5,0,31,49,2
24,2,20,1,1,27,49,2
24,2,18,0,0,29,47,2
24,2,16,3,1,26,46,2
24,2,18,0,0,21,39,2
25,3,11,5,0,24,40,2
25,3,13,1,0,10,24,1
25,3,10,1,0,26,37,2
25,3,19,5,1,22,47,2
25,3,20,0,0,10,30,1
25,3,16,4,1,39,60,2
25,3,19,1,1,11,32,1
25,3,20,4,0,38,62,2
25,3,15,1,1,15,32,2
25,3,10,0,0,33,43,2
25,3,20,5,0,24,49,2
25,3,12,2,1,35,50,2
25,3,10,4,1,37,52,2
25,3,15,4,0,38,57,2
25,3,19,0,1,39,59,2
25,3,16,4,0,35,55,2
25,3,20,3,1,35,59,2
25,3,118,1,0,4,123,2
25,3,89,20,4,17,130,2
25,3,120,18,6,13,157,2
25,3,85,7,3,18,113,2
25,3,99,8,2,14,123,2
25,3,59,25,2,7,93,1
25,3,58,25,2,5,90,1
25,3,113,40,36,4,193,4
25,3,113,16,50,2,181,4
25,3,121,27,50,4,202,4
25,3,150,17,28,0,195,4
25,3,136,29,23,0,188,4
25,3,142,32,27,2,203,4
25,3,106,32,42,2,182,4
25,3,103,21,20,0,144,2
25,3,131,19,26,1,177,4
25,3,133,23,21,3,180,4
25,3,123,17,50,1,191,4
25,3,124,21,35,2,182,4
25,3,136,26,20,4,186,4
25,3,92,10,39,19,160,3
25,3,82,7,13,19,121,2
25,3,42,2,28,27,99,2
25,3,24,17,17,9,67,2
25,3,42,19,17,12,90,2
25,3,100,12,5,23,140,3
25,3,11,25,30,22,88,2
25,3,27,7,10,22,66,2
25,3,38,7,11,20,76,2
25,3,49,10,6,27,92,2
25,3,66,9,7,28,110,2
25,3,70,8,3,22,103,2
25,3,58,7,6,27,98,2
25,3,53,9,13,29,104,2
25,3,22,5,6,26,59,2
25,3,40,10,11,28,89,2
25,3,58,13,10,12,93,1
25,3,60,25,24,17,126,2
25,3,25,11,24,17,77,2
25,3,22,28,11,18,79,2
25,3,6,11,37,15,69,2
25,3,92,18,34,18,162,3
25,3,97,17,38,20,172,4
25,3,92,18,31,6,147,3
25,3,74,12,17,16,119,2
25,3,67,22,7,5,101,1
25,3,84,20,25,15,144,2
25,3,144,15,42,8,209,4
25,3,120,11,47,7,185,4
25,3,108,10,36,6,160,3
25,3,141,13,50,6,210,4
25,3,121,37,29,8,195,4
25,3,142,40,22,6,210,4
25,3,137,23,28,7,195,4
25,3,117,10,27,8,162,3
25,3,100,16,37,7,160,3
25,3,148,11,42,8,209,4
25,3,148,27,39,6,220,4
25,3,65,18,20,21,124,3
25,3,75,9,14,6,104,1
25,3,85,15,20,29,149,3
25,3,57,21,20,18,116,2
25,3,50,7,13,30,100,2
25,3,87,21,14,34,156,3
25,3,64,24,11,6,105,1
25,3,76,6,18,14,114,2
25,3,69,11,12,8,100,1
25,3,76,9,17,14,116,2
25,3,94,8,15,5,122,2
25,3,104,10,16,33,163,3
25,3,98,13,13,33,157,3
25,3,13,5,0,18,36,2
25,3,17,1,0,11,29,1
25,3,18,2,1,34,55,2
25,3,11,1,0,35,47,2
25,3,17,4,0,11,32,1
25,3,17,1,1,23,42,2
25,3,17,2,0,23,42,2
25,3,16,4,1,30,51,2
26,4,15,5,1,23,44,2
26,4,18,0,0,31,49,2
26,4,10,1,0,17,28,2
26,4,13,2,0,32,47,2
26,4,16,1,0,38,55,2
26,4,11,4,0,32,47,2
26,4,12,2,0,26,40,2
26,4,14,2,1,14,31,2
26,4,18,2,0,37,57,2
26,4,17,1,1,22,41,2
26,4,12,3,0,29,44,2
26,4,20,5,0,30,55,2
26,4,17,5,1,19,42,2
26,4,12,0,1,33,46,2
26,4,19,1,0,20,40,2
26,4,11,4,1,38,54,2
26,4,14,5,0,39,58,2
26,4,102,20,4,12,138,2
26,4,92,4,6,18,120,2
26,4,54,14,10,16,94,2
26,4,55,15,1,10,81,1
26,4,64,27,5,5,101,1
26,4,52,13,5,15,85,2
26,4,73,11,4,3,91,1
26,4,106,27,45,5,183,4
26,4,145,21,40,5,211,4
26,4,133,19,28,5,185,4
26,4,117,31,49,0,197,4
26,4,146,17,34,0,197,4
26,4,101,35,42,3,181,4
26,4,103,28,32,1,164,3
26,4,150,10,26,0,186,4
26,4,135,23,48,0,206,4
26,4,104,10,48,2,164,3
26,4,144,39,50,1,234,4
26,4,132,10,49,0,191,4
26,4,142,19,31,1,193,4
26,4,45,4,30,29,108,2
26,4,27,24,10,5,66,1
26,4,85,3,14,16,118,2
26,4,84,11,27,26,148,3
26,4,90,4,10,20,124,2
26,4,13,19,39,12,83,2
26,4,11,1,37,9,58,2
26,4,57,10,4,27,98,2
26,4,52,10,9,23,94,2
26,4,38,7,13,21,79,2
26,4,35,7,15,24,81,2
26,4,60,10,12,21,103,2
26,4,70,10,3,30,113,3
26,4,34,8,6,30,78,2
26,4,44,6,4,27,81,2
26,4,21,5,4,25,55,2
26,4,106,10,11,11,138,2
26,4,82,30,32,10,154,3
26,4,57,12,9,17,95,2
26,4,60,18,21,10,109,2
26,4,79,17,34,8,138,3
26,4,78,29,22,13,142,2
26,4,69,14,32,18,133,3
26,4,84,25,5,9,123,2
26,4,62,11,28,5,106,2
26,4,33,17,22,18,90,2
26,4,14,21,23,6,64,2
26,4,127,27,40,5,199,4
26,4,136,10,27,7,180,4
26,4,148,14,37,9,208,4
26,4,122,16,28,6,172,4
26,4,132,12,45,9,198,4
26,4,136,29,29,10,204,4
26,4,103,33,48,10,194,4
26,4,132,37,23,10,202,4
26,4,136,39,39,6,220,4
26,4,120,24,36,5,185,4
26,4,126,34,38,9,207,4
26,4,80,22,14,18,134,2
26,4,99,9,15,29,152,3
26,4,81,21,19,7,128,2
26,4,87,9,16,26,138,3
26,4,80,17,13,30,140,3
26,4,91,18,18,9,136,2
26,4,90,19,15,13,137,2
26,4,107,19,10,23,159,3
26,4,98,11,14,27,150,3
26,4,98,18,20,22,158,3
26,4,102,5,12,17,136,2
26,4,62,13,16,28,119,3
26,4,101,15,12,35,163,3
26,4,17,5,1,16,39,2
26,4,10,4,1,37,52,2
26,4,16,4,0,35,55,2
26,4,17,2,0,17,36,2
26,4,17,0,0,27,44,2
26,4,17,4,1,25,47,2
26,4,15,2,0,15,32,2
26,4,20,0,1,12,33,1
27,5,16,3,0,28,47,2
27,5,13,2,1,28,44,2
27,5,15,5,0,26,46,2
27,5,15,2,1,16,34,2
27,5,12,3,0,26,41,2
27,5,15,5,0,27,47,2
27,5,20,2,0,17,39,2
27,5,12,2,0,16,30,2
27,5,19,1,0,38,58,2
27,5,16,1,1,32,50,2
27,5,12,0,0,11,23,1
27,5,16,5,1,29,51,2
27,5,19,5,1,18,43,2
27,5,11,0,0,15,26,2
27,5,15,4,1,17,37,2
27,5,20,1,0,23,44,2
27,5,10,4,0,36,50,2
27,5,39,14,0,15,68,2
27,5,33,7,3,10,53,1
27,5,77,8,7,15,107,2
27,5,80,18,6,11,115,2
27,5,53,11,7,15,86,2
27,5,73,17,6,13,109,2
27,5,77,20,4,13,114,2
27,5,76,14,1,12,103,1
27,5,58,14,0,15,87,2
27,5,57,18,7,13,95,2
27,5,80,16,0,10,106,1
27,5,38,7,1,13,59,2
27,5,53,20,6,12,91,1
27,5,30,9,7,10,56,1
27,5,50,19,4,10,83,1
27,5,31,14,3,14,62,2
27,5,28,18,5,10,61,1
27,5,31,15,4,12,62,1
27,5,52,19,0,10,81,1
27,5,42,9,2,13,66,2
27,5,151,55,27,2,235,4
27,5,180,69,29,1,279,4
27,5,149,41,23,3,216,4
27,5,167,60,27,3,257,4
27,5,134,45,22,3,204,4
27,5,180,62,26,4,272,4
27,5,156,54,25,3,238,4
27,5,171,60,18,1,250,4
27,5,174,53,10,3,240,4
27,5,154,61,16,3,234,4
27,5,161,53,11,1,226,4
27,5,148,48,13,2,211,4
27,5,136,60,27,2,225,4
27,5,143,68,16,0,227,4
27,5,152,51,22,2,227,4
27,5,132,58,15,4,209,4
27,5,155,58,15,4,232,4
27,5,144,62,12,3,221,4
27,5,161,51,20,1,233,4
27,5,137,46,13,2,198,4
27,5,149,61,16,1,227,4
27,5,158,46,20,1,225,4
27,5,134,65,22,0,221,4
27,5,134,65,10,2,211,4
27,5,73,24,4,0,101,1
27,5,64,23,21,1,109,2
27,5,51,27,25,2,105,2
27,5,80,22,17,0,119,2
27,5,61,26,8,0,95,1
27,5,75,24,8,0,107,1
27,5,82,20,15,2,119,2
27,5,53,28,21,1,103,2
27,5,68,29,14,0,111,1
27,5,63,28,22,0,113,2
27,5,76,30,20,1,127,2
27,5,66,23,10,0,99,1
27,5,50,23,1,0,74,1
27,5,60,29,22,2,113,2
27,5,75,26,11,0,112,2
27,5,81,22,18,2,123,2
27,5,33,6,0,4,43,1
27,5,21,5,6,15,47,2
27,5,22,7,1,2,32,1
27,5,31,6,0,15,52,2
27,5,41,8,3,2,54,1
27,5,24,6,5,11,46,1
27,5,45,6,6,10,67,1
27,5,24,11,6,2,43,1
27,5,47,6,2,12,67,1
27,5,46,1,1,4,52,1
27,5,26,3,2,3,34,1
27,5,20,4,0,39,63,2
27,5,20,1,1,27,49,2
27,5,19,0,1,17,37,2
27,5,11,3,1,19,34,2
27,5,17,5,1,31,54,2
27,5,19,4,0,12,35,1
27,5,11,1,0,38,50,2
27,5,12,0,0,17,29,2
28,6,18,0,0,27,45,2
28,6,19,4,0,14,37,2
28,6,13,2,0,28,43,2
28,6,18,4,1,23,46,2
28,6,20,0,0,11,31,1
28,6,11,4,1,22,38,2
28,6,15,2,0,18,35,2
28,6,16,3,0,34,53,2
28,6,11,2,0,18,31,2
28,6,17,4,1,38,60,2
28,6,20,4,1,28,53,2
28,6,19,0,1,37,57,2
28,6,10,2,1,34,47,2
28,6,19,0,0,17,36,2
28,6,15,0,0,30,45,2
28,6,10,2,0,31,43,2
28,6,18,3,0,17,38,2
28,6,97,22,4,18,141,2
28,6,111,12,9,17,149,2
28,6,108,10,5,17,140,2
28,6,74,24,10,20,128,2
28,6,114,4,8,20,146,2
28,6,91,16,5,11,123,2
28,6,66,3,9,19,97,2
28,6,104,32,23,5,164,2
28,6,128,18,31,3,180,4
28,6,127,24,27,0,178,4
28,6,130,31,22,0,183,4
28,6,108,13,38,1,160,3
28,6,116,22,37,2,177,4
28,6,143,28,27,4,202,4
28,6,118,32,21,5,176,4
28,6,121,35,32,0,188,4
28,6,109,28,39,2,178,4
28,6,135,11,23,5,174,4
28,6,100,30,29,2,161,3
28,6,138,32,26,4,200,4
28,6,29,9,21,23,82,2
28,6,36,17,7,30,90,2
28,6,42,9,37,28,116,3
28,6,80,6,12,6,104,1
28,6,37,21,28,6,92,2
28,6,44,17,27,30,118,3
28,6,25,12,13,5,55,1
28,6,36,9,9,30,84,2
28,6,63,7,10,29,109,2
28,6,20,5,13,22,60,2
28,6,53,8,6,23,90,2
28,6,41,7,5,26,79,2
28,6,36,9,13,29,87,2
28,6,65,10,8,22,105,2
28,6,55,6,5,27,93,2
28,6,63,8,15,30,116,3
28,6,19,26,32,18,95,2
28,6,84,11,11,9,115,2
28,6,110,23,34,9,176,4
28,6,46,20,18,5,89,2
28,6,67,12,10,20,109,2
28,6,42,25,20,19,106,2
28,6,87,17,18,6,128,2
28,6,45,24,31,11,111,2
28,6,80,26,35,6,147,3
28,6,83,18,6,15,122,2
28,6,68,19,15,11,113,2
28,6,101,37,48,9,195,4
28,6,149,32,29,10,220,4
28,6,136,21,33,9,199,4
28,6,105,20,23,7,155,2
28,6,125,12,20,8,165,2
28,6,125,14,26,5,170,4
28,6,118,28,23,8,177,4
28,6,114,32,45,6,197,4
28,6,123,37,46,8,214,4
28,6,115,23,22,7,167,2
28,6,111,25,35,10,181,4
28,6,66,8,11,9,94,1
28,6,103,12,17,23,155,3
28,6,94,14,14,24,146,3
28,6,105,23,15,18,161,2
28,6,53,22,14,35,124,3
28,6,74,10,12,32,128,3
28,6,71,24,15,26,136,3
28,6,61,21,15,32,129,3
28,6,101,25,18,8,152,2
28,6,104,22,10,14,150,2
28,6,79,20,15,18,132,2
28,6,70,20,11,14,115,2
28,6,74,16,14,34,138,3
28,6,20,5,0,21,46,2
28,6,16,0,0,36,52,2
28,6,14,3,0,20,37,2
28,6,14,1,1,30,46,2
28,6,17,0,1,12,30,1
28,6,14,0,0,14,28,2
28,6,18,5,0,40,63,2
28,6,17,2,0,18,37,2
29,7,14,1,1,35,51,2
29,7,14,2,1,26,43,2
29,7,16,0,1,37,54,2
29,7,14,4,1,32,51,2
29,7,19,5,0,12,36,1
29,7,11,0,1,31,43,2
29,7,12,0,0,32,44,2
29,7,12,3,0,32,47,2
29,7,18,4,1,31,54,2
29,7,17,4,1,20,42,2
29,7,17,0,0,22,39,2
29,7,19,2,1,12,34,1
29,7,18,2,1,19,40,2
29,7,19,5,0,26,50,2
29,7,19,5,1,35,60,2
29,7,18,0,0,20,38,2
29,7,16,0,0,30,46,2
29,7,114,30,9,7,160,2
29,7,102,17,2,14,135,2
29,7,55,4,7,13,79,2
29,7,82,2,4,14,102,2
29,7,66,16,9,19,110,2
29,7,86,5,1,13,105,2
29,7,108,24,2,19,153,2
29,7,112,30,26,0,168,4
29,7,147,31,46,0,224,4
29,7,116,20,40,2,178,4
29,7,138,13,21,5,177,4
29,7,132,25,40,2,199,4
29,7,124,14,31,4,173,4
29,7,106,27,25,1,159,2
29,7,104,24,29,5,162,3
29,7,140,31,21,4,196,4
29,7,121,35,37,3,196,4
29,7,135,23,37,5,200,4
29,7,149,20,30,5,204,4
29,7,117,14,39,0,170,4
29,7,39,8,23,13,83,2
29,7,40,14,18,21,93,2
29,7,49,1,35,18,103,2
29,7,38,12,35,25,110,2
29,7,26,15,25,6,72,2
29,7,93,14,10,25,142,3
29,7,54,24,37,20,135,3
29,7,32,6,10,23,71,2
29,7,43,7,12,23,85,2
29,7,23,6,15,20,64,2
29,7,26,5,8,25,64,2
29,7,55,7,8,27,97,2
29,7,70,10,8,25,113,3
29,7,66,10,3,29,108,2
29,7,66,7,15,26,114,3
29,7,46,6,7,21,80,2
29,7,47,26,6,20,99,2
29,7,75,20,7,11,113,2
29,7,76,29,15,19,139,2
29,7,56,14,38,12,120,3
29,7,19,26,36,17,98,2
29,7,29,18,10,9,66,1
29,7,15,12,18,15,60,2
29,7,53,27,27,17,124,3
29,7,95,22,28,9,154,3
29,7,27,27,32,10,96,2
29,7,68,28,31,15,142,3
29,7,120,14,25,8,167,2
29,7,144,28,24,8,204,4
29,7,112,31,43,8,194,4
29,7,149,28,20,10,207,4
29,7,131,29,34,8,202,4
29,7,104,31,41,9,185,4
29,7,141,30,27,7,205,4
29,7,117,10,47,9,183,4
29,7,112,13,37,6,168,4
29,7,127,40,39,8,214,4
29,7,131,15,31,6,183,4
29,7,66,8,10,11,95,1
29,7,61,23,18,34,136,3
29,7,55,25,13,26,119,3
29,7,85,23,20,6,134,2
29,7,75,20,19,19,133,2
29,7,58,17,20,22,117,3
29,7,60,23,11,26,120,3
29,7,80,21,11,7,119,2
29,7,74,9,14,35,132,3
29,7,57,14,11,16,98,2
29,7,73,9,13,5,100,1
29,7,80,25,19,26,150,3
29,7,82,13,12,21,128,3
29,7,15,4,0,27,46,2
29,7,20,2,0,29,51,2
29,7,12,2,0,39,53,2
29,7,10,4,1,13,28,2
29,7,16,0,1,29,46,2
29,7,18,0,0,34,52,2
29,7,11,5,1,19,36,2
29,7,16,1,0,12,29,1
30,1,13,3,1,12,29,1
30,1,19,2,0,22,43,2
30,1,13,3,0,39,55,2
30,1,12,0,0,24,36,2
30,1,10,3,1,12,26,1
30,1,11,4,0,38,53,2
30,1,18,4,0,31,53,2
30,1,19,1,0,34,54,2
30,1,18,1,0,27,46,2
30,1,13,0,0,26,39,2
30,1,12,2,0,35,49,2
30,1,15,4,0,12,31,1
30,1,10,5,0,33,48,2
30,1,14,0,0,15,29,2
30,1,16,0,0,16,32,2
30,1,15,3,1,26,45,2
30,1,20,4,0,34,58,2
30,1,82,20,10,11,123,2
30,1,99,7,3,6,115,2
30,1,74,29,9,4,116,2
30,1,94,1,1,14,110,2
30,1,63,12,10,17,102,2
30,1,101,4,3,12,120,2
30,1,106,9,3,10,128,2
30,1,112,15,24,1,152,2
30,1,148,26,25,0,199,4
30,1,115,20,31,3,169,4
30,1,125,11,24,0,160,2
30,1,140,38,38,0,216,4
30,1,150,17,35,5,207,4
30,1,149,11,42,2,204,4
30,1,150,22,38,3,213,4
30,1,147,32,25,4,208,4
30,1,138,39,45,4,226,4
30,1,149,16,49,1,215,4
30,1,139,10,50,2,201,4
30,1,109,25,49,2,185,4
30,1,84,24,12,28,148,3
30,1,38,8,6,5,57,1
30,1,45,16,6,21,88,2
30,1,57,4,36,14,111,2
30,1,84,12,6,28,130,3
30,1,55,25,33,21,134,3
30,1,14,15,5,21,55,2
30,1,26,8,11,20,65,2
30,1,60,10,9,27,106,2
30,1,34,6,7,25,72,2
30,1,22,9,8,26,65,2
30,1,59,10,11,30,110,2
30,1,48,6,14,28,96,2
30,1,46,9,11,23,89,2
30,1,37,9,8,20,74,2
30,1,67,9,11,21,108,2
30,1,32,19,39,9,99,2
30,1,63,12,22,5,102,2
30,1,32,29,25,11,97,2
30,1,83,22,40,20,165,3
30,1,40,14,31,19,104,2
30,1,101,22,39,19,181,4
30,1,62,29,31,11,133,3
30,1,20,19,25,8,72,2
30,1,42,22,5,9,78,1
30,1,37,17,12,16,82,2
30,1,95,12,20,15,142,2
30,1,137,14,41,10,202,4
30,1,122,21,20,10,173,4
30,1,104,19,39,9,171,4
30,1,147,21,40,9,217,4
30,1,105,38,34,7,184,4
30,1,124,23,46,5,198,4
30,1,135,18,20,5,178,4
30,1,107,35,23,8,173,4
30,1,109,21,24,10,164,2
30,1,136,32,26,8,202,4
30,1,134,23,49,8,214,4
30,1,90,20,11,25,146,3
30,1,104,5,16,16,141,2
30,1,60,21,13,6,100,1
30,1,104,22,11,13,150,2
30,1,54,23,10,25,112,3
30,1,68,6,15,34,123,3
30,1,88,13,19,19,139,2
30,1,64,22,16,16,118,2
30,1,58,24,14,24,120,3
30,1,67,19,12,9,107,1
30,1,73,20,18,7,118,2
30,1,109,25,16,20,170,4
30,1,63,15,11,23,112,3
30,1,19,4,1,26,50,2
30,1,15,1,0,34,50,2
30,1,15,5,1,14,35,2
30,1,19,3,1,33,56,2
30,1,18,4,0,11,33,1
30,1,14,1,0,27,42,2
30,1,19,0,0,37,56,2
30,1,19,0,0,29,48,2
31,2,18,1,0,30,49,2
31,2,19,3,0,18,40,2
31,2,15,2,1,34,52,2
31,2,17,0,1,14,32,2
31,2,12,0,0,33,45,2
31,2,20,0,1,20,41,2
31,2,10,2,0,18,30,2
31,2,13,3,0,31,47,2
31,2,10,0,1,38,49,2
31,2,19,1,1,28,49,2
31,2,19,4,0,16,39,2
31,2,16,1,0,15,32,2
31,2,17,1,0,34,52,2
31,2,19,1,0,21,41,2
31,2,10,1,0,39,50,2
31,2,16,4,0,15,35,2
31,2,13,0,0,16,29,2
31,2,98,5,1,17,121,2
31,2,65,10,3,8,86,1
31,2,98,17,0,20,135,2
31,2,60,20,5,6,91,1
31,2,110,18,10,11,149,2
31,2,70,13,4,13,100,2
31,2,96,12,7,17,132,2
31,2,129,31,36,1,197,4
31,2,146,28,47,3,224,4
31,2,137,23,27,0,187,4
31,2,131,28,24,0,183,4
31,2,134,10,44,0,188,4
31,2,109,25,24,0,158,2
31,2,108,35,22,3,168,4
31,2,146,14,37,2,199,4
31,2,147,21,41,5,214,4
31,2,110,34,35,0,179,4
31,2,110,40,50,2,202,4
31,2,123,12,22,3,160,2
31,2,145,25,20,5,195,4
31,2,82,15,16,29,142,3
31,2,62,2,7,22,93,2
31,2,92,8,11,21,132,3
31,2,35,22,22,18,97,2
31,2,66,25,13,13,117,2
31,2,50,2,25,12,89,2
31,2,50,22,24,7,103,2
31,2,50,8,5,24,87,2
31,2,55,5,5,21,86,2
31,2,51,10,14,24,99,2
31,2,34,8,14,21,77,2
31,2,25,7,5,20,57,2
31,2,59,7,9,21,96,2
31,2,38,10,9,24,81,2
31,2,70,10,9,23,112,3
31,2,63,8,13,22,106,2
31,2,6,24,12,13,55,2
31,2,108,17,16,16,157,2
31,2,41,20,32,12,105,2
31,2,54,10,20,9,93,2
31,2,60,19,14,7,100,1
31,2,102,11,9,11,133,2
31,2,50,24,30,5,109,2
31,2,25,24,19,10,78,2
31,2,90,25,18,20,153,2
31,2,86,13,27,11,137,3
31,2,44,19,17,9,89,2
31,2,126,24,35,8,193,4
31,2,146,26,42,9,223,2
31,2,117,28,33,10,188,4
31,2,144,36,49,10,239,4
31,2,137,19,23,9,188,4
31,2,118,19,48,5,190,4
31,2,119,27,28,8,182,4
31,2,149,26,43,5,223,2
31,2,117,34,36,10,197,4
31,2,124,30,44,10,208,4
31,2,141,36,48,5,230,4
31,2,78,6,11,28,123,3
31,2,102,23,16,24,165,3
31,2,104,18,18,23,163,3
31,2,95,9,19,7,130,2
31,2,105,13,12,20,150,2
31,2,100,18,16,34,168,4
31,2,80,14,20,15,129,2
31,2,86,8,19,7,120,2
31,2,108,20,14,15,157,2
31,2,69,13,13,8,103,1
31,2,64,14,10,6,94,1
31,2,71,14,17,10,112,2
31,2,61,9,18,24,112,3
31,2,11,4,0,31,46,2
31,2,17,5,0,14,36,2
31,2,15,5,0,18,38,2
31,2,14,2,0,40,56,2
31,2,12,2,1,28,43,2
31,2,18,0,1,40,59,2
31,2,14,5,0,13,32,2
31,2,18,1,0,26,45,2
1,3,14,0,0,34,48,2
1,3,17,5,0,23,45,2
1,3,19,1,1,18,39,2
1,3,15,5,1,12,33,1
1,3,13,2,1,26,42,2
1,3,15,3,0,32,50,2
1,3,15,0,1,13,29,2
1,3,18,5,1,12,36,1
1,3,17,1,0,29,47,2
1,3,10,4,0,19,33,2
1,3,15,0,0,18,33,2
1,3,11,0,0,35,46,2
1,3,20,5,1,34,60,2
1,3,15,5,1,32,53,2
1,3,16,4,1,37,58,2
1,3,14,1,0,12,27,1
1,3,16,4,0,18,38,2
1,3,56,21,3,0,80,1
1,3,78,11,10,18,117,2
1,3,82,29,0,20,131,2
1,3,102,15,2,7,126,2
1,3,69,14,6,18,107,2
1,3,87,24,6,19,136,2
1,3,84,16,10,5,115,2
1,3,109,38,34,5,186,4
1,3,147,38,23,3,211,4
1,3,135,19,48,5,207,4
1,3,101,23,41,5,170,4
1,3,138,21,28,1,188,4
1,3,136,20,32,1,189,4
1,3,123,19,25,5,172,4
1,3,108,30,46,5,189,4
1,3,128,15,43,5,191,4
1,3,129,37,41,1,208,4
1,3,127,18,28,3,176,4
1,3,142,37,46,3,228,4
1,3,149,26,46,1,222,4
1,3,77,13,7,23,120,3
1,3,37,16,13,29,95,2
1,3,79,8,16,12,115,2
1,3,97,2,16,7,122,2
1,3,22,8,31,8,69,2
1,3,31,23,19,12,85,2
1,3,49,22,16,5,92,2
1,3,32,5,3,21,61,2
1,3,40,6,11,28,85,2
1,3,42,6,10,21,79,2
1,3,37,9,7,25,78,2
1,3,45,5,5,24,79,2
1,3,64,10,4,28,106,2
1,3,33,8,6,23,70,2
1,3,34,6,12,27,79,2
1,3,40,9,5,20,74,2
1,3,64,19,22,12,117,2
1,3,108,24,34,7,173,4
1,3,108,17,33,7,165,3
1,3,50,23,21,11,105,2
1,3,16,21,10,16,63,2
1,3,91,22,34,8,155,3
1,3,89,19,37,18,163,3
1,3,108,12,23,8,151,2
1,3,73,29,23,7,132,2
1,3,76,28,39,14,157,3
1,3,19,15,20,17,71,2
1,3,102,37,48,9,196,4
1,3,115,36,41,8,200,4
1,3,142,23,23,6,194,4
1,3,134,15,29,8,186,4
1,3,146,18,49,9,222,4
1,3,126,24,48,9,207,4
1,3,138,18,27,6,189,4
1,3,129,13,43,6,191,4
1,3,127,35,23,10,195,4
1,3,144,20,22,7,193,4
1,3,117,19,31,7,174,4
1,3,87,10,13,16,126,2
1,3,87,6,18,30,141,3
1,3,97,18,10,24,149,3
1,3,71,21,14,12,118,2
1,3,96,24,18,10,148,2
1,3,90,7,17,31,145,3
1,3,74,6,12,34,126,3
1,3,59,7,15,20,101,2
1,3,87,11,16,28,142,3
1,3,62,22,20,20,124,2
1,3,71,16,14,9,110,1
1,3,98,9,15,18,140,2
1,3,93,8,10,16,127,2
1,3,17,4,0,36,57,2
1,3,16,1,1,29,47,2
1,3,15,2,0,10,27,1
1,3,10,3,1,23,37,2
1,3,12,4,0,31,47,2
1,3,20,1,1,24,46,2
1,3,11,0,1,23,35,2
1,3,14,1,1,17,33,2
2,4,12,5,1,38,56,2
2,4,15,4,1,29,49,2
2,4,12,4,0,40,56,2
2,4,11,5,0,22,38,2
2,4,14,5,1,21,41,2
2,4,14,3,0,39,56,2
2,4,10,4,1,11,26,1
2,4,11,0,0,16,27,2
2,4,12,3,0,39,54,2
2,4,11,0,1,36,48,2
2,4,16,2,0,35,53,2
2,4,17,3,1,36,57,2
2,4,13,1,1,13,28,2
2,4,14,5,0,19,38,2
2,4,17,5,1,15,38,2
2,4,19,3,0,13,35,2
2,4,19,3,1,12,35,1
2,4,54,15,10,8,87,1
2,4,107,0,1,2,110,1
2,4,116,20,5,14,155,2
2,4,78,2,4,9,93,1
2,4,111,22,0,12,145,2
2,4,85,27,7,17,136,2
2,4,95,5,9,20,129,2
2,4,143,33,27,1,204,4
2,4,133,40,37,0,210,4
2,4,123,37,34,4,198,4
2,4,133,34,36,1,204,4
2,4,101,20,42,4,167,2
2,4,145,10,37,0,192,4
2,4,141,39,40,5,225,4
2,4,134,12,22,2,170,4
2,4,126,10,26,4,166,3
2,4,136,22,31,0,189,4
2,4,128,26,42,4,200,4
2,4,106,12,28,4,150,3
2,4,140,27,36,2,205,4
2,4,40,20,37,28,125,3
2,4,13,25,33,12,83,2
2,4,18,22,26,10,76,2
2,4,59,5,36,12,112,3
2,4,48,9,30,14,101,2
2,4,77,23,14,20,134,2
2,4,17,13,13,27,70,2
2,4,36,5,14,25,80,2
2,4,60,10,3,28,101,2
2,4,34,5,4,29,72,2
2,4,63,5,6,20,94,2
2,4,48,10,13,23,94,2
2,4,44,5,5,21,75,2
2,4,62,5,14,23,104,2
2,4,38,8,15,27,88,2
2,4,26,6,9,29,70,2
2,4,78,23,16,13,130,2
2,4,116,21,22,17,176,4
2,4,94,13,11,16,134,2
2,4,52,19,26,10,107,2
2,4,70,13,12,10,105,1
2,4,34,17,21,14,86,2
2,4,16,18,40,6,80,2
2,4,24,20,15,17,76,2
2,4,21,15,33,12,81,2
2,4,100,10,18,7,135,2
2,4,117,22,11,5,155,2
2,4,145,30,40,8,223,2
2,4,113,38,45,7,203,4
2,4,110,31,37,7,185,4
2,4,126,15,26,6,173,4
2,4,100,15,29,7,151,3
2,4,147,28,29,10,214,4
2,4,146,22,50,10,228,4
2,4,148,23,27,5,203,4
2,4,149,17,41,9,216,4
2,4,136,32,41,7,216,4
2,4,101,22,33,9,165,3
2,4,87,18,13,34,152,3
2,4,50,21,14,9,94,1
2,4,63,23,19,34,139,3
2,4,73,9,11,5,98,1
2,4,78,13,20,25,136,3
2,4,71,22,12,14,119,2
2,4,80,17,11,15,123,2
2,4,62,21,10,35,128,3
2,4,100,17,16,33,166,3
2,4,95,15,18,9,137,2
2,4,102,14,15,34,165,3
2,4,68,12,15,32,127,3
2,4,74,5,19,5,103,2
2,4,15,4,1,21,41,2
2,4,16,0,1,24,41,2
2,4,12,0,0,12,24,1
2,4,12,5,0,23,40,2
2,4,15,2,1,14,32,2
2,4,10,3,0,23,36,2
2,4,16,2,0,35,53,2
2,4,13,3,0,22,38,2
3,5,13,0,0,32,45,2
3,5,11,1,0,27,39,2
3,5,17,1,0,32,50,2
3,5,11,2,0,17,30,2
3,5,14,1,1,11,27,1
3,5,17,2,0,33,52,2
3,5,15,2,1,38,56,2
3,5,13,4,1,24,42,2
3,5,11,5,1,11,28,1
3,5,12,3,0,22,37,2
3,5,15,1,0,26,42,2
3,5,13,0,1,34,48,2
3,5,17,5,0,15,37,2
3,5,20,3,1,26,50,2
3,5,18,4,0,30,52,2
3,5,12,1,1,19,33,2
3,5,20,0,0,12,32,1
3,5,29,10,0,12,51,1
3,5,39,20,1,10,70,1
3,5,76,9,7,13,105,2
3,5,33,17,0,13,63,2
3,5,64,14,1,12,91,1
3,5,44,7,1,11,63,1
3,5,53,8,4,15,80,2
3,5,75,6,7,13,101,2
3,5,60,11,4,10,85,1
3,5,35,14,2,14,65,2
3,5,75,20,6,15,116,2
3,5,27,10,2,12,51,1
3,5,61,20,7,14,102,2
3,5,72,20,5,15,112,2
3,5,43,18,6,14,81,2
3,5,54,10,4,14,82,2
3,5,30,12,1,14,57,2
3,5,72,8,6,12,98,1
3,5,55,17,7,15,94,2
3,5,36,20,0,13,69,2
3,5,168,55,10,0,233,4
3,5,135,61,28,2,226,4
3,5,168,68,27,2,265,4
3,5,139,44,16,1,200,4
3,5,156,63,12,3,234,4
3,5,141,51,27,3,222,4
3,5,144,44,16,3,207,4
3,5,132,65,23,0,220,4
3,5,180,48,17,2,247,4
3,5,140,67,20,4,231,4
3,5,163,62,12,0,237,4
3,5,148,70,15,0,233,4
3,5,134,47,22,3,206,4
3,5,162,51,13,0,226,4
3,5,136,49,15,1,201,4
3,5,147,52,26,0,225,4
3,5,174,54,25,1,254,4
3,5,135,69,20,1,225,4
3,5,142,55,21,1,219,4
3,5,144,59,14,2,219,4
3,5,180,49,17,0,246,4
3,5,153,59,20,4,236,4
3,5,139,43,27,3,212,4
3,5,179,60,12,0,251,4
3,5,76,21,6,1,104,1
3,5,59,25,19,1,104,2
3,5,51,20,12,1,84,1
3,5,78,24,19,2,123,2
3,5,50,24,11,0,85,1
3,5,59,25,8,0,92,1
3,5,90,21,0,0,111,1
3,5,79,26,21,2,128,2
3,5,56,21,4,1,82,1
3,5,70,25,11,2,108,1
3,5,54,27,21,2,104,2
3,5,53,22,13,2,90,1
3,5,59,27,5,2,93,1
3,5,63,30,21,0,114,2
3,5,87,21,16,0,124,2
3,5,71,26,19,1,117,2
3,5,32,5,5,13,55,2
3,5,36,6,7,2,51,1
3,5,35,10,0,2,47,1
3,5,40,10,5,10,65,1
3,5,44,6,1,3,54,1
3,5,40,6,1,3,50,1
3,5,45,2,7,7,61,1
3,5,44,2,6,5,57,1
3,5,33,4,4,5,46,1
3,5,22,5,3,13,43,2
3,5,33,5,5,1,44,1
3,5,10,0,0,29,39,2
3,5,19,3,1,35,58,2
3,5,10,4,0,30,44,2
3,5,12,3,1,25,41,2
3,5,12,1,0,40,53,2
3,5,20,2,0,19,41,2
3,5,18,4,1,11,34,1
3,5,19,1,1,37,58,2
4,6,13,2,0,25,40,2
4,6,16,4,1,15,36,2
4,6,10,4,1,16,31,2
4,6,18,3,0,19,40,2
4,6,15,5,0,10,30,1
4,6,14,2,1,22,39,2
4,6,15,0,0,15,30,2
4,6,17,5,0,21,43,2
4,6,14,0,1,12,27,1
4,6,10,1,0,11,22,1
4,6,18,5,0,18,41,2
4,6,12,4,0,11,27,1
4,6,17,0,1,30,48,2
4,6,20,1,0,28,49,2
4,6,19,5,1,38,63,2
4,6,15,0,0,36,51,2
4,6,10,2,0,30,42,2
4,6,74,4,4,13,95,2
4,6,96,29,6,17,148,2
4,6,109,16,6,12,143,2
4,6,113,6,9,10,138,2
4,6,90,24,8,20,142,2
4,6,106,19,10,17,152,2
4,6,96,7,6,4,113,2
4,6,102,21,42,3,168,4
4,6,140,35,50,0,225,4
4,6,105,33,29,4,171,4
4,6,134,26,27,1,188,4
4,6,123,35,45,1,204,4
4,6,128,31,26,0,185,4
4,6,105,32,43,0,180,4
4,6,137,13,31,5,186,4
4,6,148,37,46,2,233,4
4,6,105,14,35,2,156,3
4,6,148,17,42,5,212,4
4,6,116,22,30,3,171,4
4,6,143,28,46,1,218,4
4,6,30,24,13,13,80,2
4,6,74,23,35,10,142,3
4,6,67,5,36,17,125,3
4,6,59,11,33,25,128,3
4,6,34,21,39,16,110,2
4,6,72,24,10,9,115,2
4,6,73,12,32,5,122,3
4,6,26,8,8,24,66,2
4,6,47,5,7,28,87,2
4,6,33,10,6,29,78,2
4,6,39,8,13,20,80,2
4,6,36,5,14,22,77,2
4,6,53,9,15,25,102,2
4,6,37,9,10,30,86,2
4,6,54,8,4,27,93,2
4,6,20,8,15,26,69,2
4,6,47,29,28,9,113,3
4,6,51,27,10,20,108,2
4,6,114,11,40,20,185,4
4,6,73,13,19,9,114,2
4,6,28,19,27,5,79,2
4,6,105,20,20,11,156,2
4,6,68,24,15,14,121,2
4,6,112,16,30,11,169,4
4,6,120,30,28,15,193,4
4,6,38,27,12,18,95,2
4,6,94,17,14,15,140,2
4,6,107,28,45,8,188,4
4,6,100,16,49,7,172,4
4,6,145,15,20,9,189,4
4,6,133,17,22,8,180,4
4,6,117,36,41,10,204,4
4,6,113,26,26,8,173,4
4,6,101,20,21,9,151,2
4,6,149,33,45,10,237,4
4,6,134,35,26,7,202,4
4,6,106,11,45,9,171,4
4,6,121,37,34,6,198,4
4,6,97,13,11,15,136,2
4,6,91,17,18,29,155,3
4,6,57,16,13,19,105,2
4,6,110,10,10,20,150,2
4,6,71,14,17,30,132,3
4,6,89,25,20,24,158,3
4,6,87,16,15,14,132,2
4,6,106,12,16,9,143,2
4,6,78,10,19,20,127,2
4,6,61,10,16,27,114,3
4,6,74,19,15,24,132,3
4,6,56,20,11,25,112,3
4,6,106,22,16,18,162,2
4,6,10,1,1,12,24,1
4,6,12,4,1,33,50,2
4,6,16,4,0,16,36,2
4,6,18,1,0,18,37,2
4,6,19,2,0,36,57,2
4,6,18,4,1,35,58,2
4,6,17,0,0,31,48,2
4,6,18,1,0,16,35,2
5,7,15,4,0,37,56,2
5,7,11,5,0,14,30,2
5,7,11,5,0,22,38,2
5,7,12,2,1,37,52,2
5,7,18,1,1,34,54,2
5,7,19,1,0,11,31,1
5,7,11,4,1,26,42,2
5,7,18,3,0,28,49,2
5,7,12,4,1,37,54,2
5,7,11,1,1,29,42,2
5,7,19,5,1,29,54,2
5,7,18,4,0,11,33,1
5,7,16,4,0,29,49,2
5,7,19,4,1,33,57,2
5,7,15,3,1,12,31,1
5,7,16,4,1,28,49,2
5,7,11,4,0,20,35,2
5,7,93,4,1,16,114,2
5,7,114,12,7,18,151,2
5,7,56,7,5,20,88,2
5,7,92,23,3,19,137,2
5,7,99,6,6,7,118,2
5,7,108,14,6,9,137,2
5,7,66,20,2,16,104,2
5,7,147,26,44,5,222,4
5,7,139,27,29,1,196,4
5,7,119,31,36,5,191,4
5,7,114,30,21,2,167,2
5,7,103,27,21,4,155,2
5,7,105,17,29,4,155,3
5,7,124,29,41,1,195,4
5,7,118,19,34,1,172,4
5,7,101,37,32,0,170,4
5,7,109,11,48,1,169,4
5,7,143,12,23,3,181,4
5,7,143,40,30,0,213,4
5,7,128,16,34,0,178,4
5,7,14,25,14,16,69,2
5,7,99,10,11,15,135,2
5,7,67,1,22,14,104,2
5,7,42,2,29,9,82,2
5,7,92,3,33,21,149,3
5,7,91,16,28,9,144,3
5,7,25,9,10,28,72,2
5,7,37,5,12,29,83,2
5,7,55,6,12,29,102,2
5,7,49,8,8,26,91,2
5,7,69,9,3,20,101,2
5,7,38,6,6,24,74,2
5,7,40,8,12,21,81,2
5,7,53,5,3,20,81,2
5,7,21,8,4,28,61,2
5,7,24,7,4,20,55,2
5,7,47,24,24,9,104,2
5,7,90,30,32,8,160,3
5,7,120,21,22,14,177,4
5,7,120,12,40,13,185,4
5,7,66,14,21,7,108,2
5,7,89,24,12,6,131,2
5,7,80,17,16,5,118,2
5,7,114,21,10,9,154,2
5,7,94,20,7,10,131,2
5,7,70,18,28,5,121,3
5,7,56,17,15,8,96,1
5,7,141,15,20,6,182,4
5,7,150,19,46,7,222,4
5,7,119,37,22,8,186,4
5,7,144,14,44,5,207,4
5,7,110,25,46,6,187,4
5,7,138,15,31,10,194,4
5,7,140,35,41,5,221,4
5,7,103,24,28,8,163,3
5,7,142,27,30,5,204,4
5,7,149,13,22,9,193,4
5,7,126,40,39,8,213,4
5,7,78,15,14,28,135,3
5,7,102,15,11,29,157,3
5,7,96,22,20,12,150,2
5,7,110,24,15,14,163,2
5,7,97,22,17,13,149,2
5,7,53,19,11,18,101,2
5,7,82,8,17,29,136,3
5,7,91,24,18,29,162,3
5,7,102,6,14,35,157,3
5,7,109,6,15,18,148,2
5,7,78,16,13,27,134,3
5,7,66,12,16,33,127,3
5,7,100,17,15,22,154,3
5,7,15,1,1,25,42,2
5,7,16,1,0,33,50,2
5,7,19,4,0,26,49,2
5,7,10,0,1,34,45,2
5,7,14,0,0,28,42,2
5,7,13,2,0,22,37,2
5,7,18,5,1,20,44,2
5,7,18,4,0,18,40,2
6,1,11,3,0,26,40,2
6,1,13,1,0,24,38,2
6,1,19,5,1,15,40,2
6,1,11,3,1,28,43,2
6,1,11,1,1,40,53,2
6,1,18,4,1,28,51,2
6,1,15,2,1,16,34,2
6,1,20,0,0,27,47,2
6,1,14,5,0,17,36,2
6,1,11,3,1,10,25,1
6,1,18,5,0,22,45,2
6,1,12,4,0,16,32,2
6,1,10,2,0,24,36,2
6,1,20,0,1,36,57,2
6,1,20,1,0,29,50,2
6,1,16,4,0,24,44,2
6,1,18,3,0,22,43,2
6,1,88,11,10,3,112,2
6,1,114,5,9,7,135,2
6,1,103,3,9,17,132,2
6,1,81,16,7,14,118,2
6,1,94,1,9,3,107,1
6,1,56,11,9,15,91,2
6,1,80,16,5,10,111,1
6,1,138,35,47,4,224,4
6,1,123,27,22,4,176,4
6,1,114,30,36,2,182,4
6,1,122,30,37,2,191,4
6,1,148,10,28,2,188,4
6,1,127,38,48,0,213,4
6,1,113,32,44,1,190,4
6,1,131,26,40,1,198,4
6,1,108,27,44,5,184,4
6,1,109,19,49,3,180,4
6,1,125,15,28,3,171,4
6,1,139,30,35,4,208,4
6,1,103,35,50,2,190,4
6,1,64,13,40,12,129,3
6,1,79,1,10,30,120,3
6,1,50,2,7,14,73,2
6,1,84,18,18,28,148,3
6,1,99,16,39,26,180,4
6,1,42,3,27,18,90,2
6,1,53,2,29,24,108,2
6,1,63,10,8,28,109,2
6,1,24,8,3,20,55,2
6,1,46,8,6,26,86,2
6,1,20,7,8,26,61,2
6,1,41,8,7,27,83,2
6,1,44,5,3,28,80,2
6,1,33,6,14,28,81,2
6,1,30,9,7,25,71,2
6,1,68,7,5,25,105,2
6,1,28,29,26,5,88,2
6,1,96,20,14,18,148,2
6,1,24,15,26,13,78,2
6,1,70,21,32,18,141,3
6,1,49,21,11,20,101,2
6,1,51,22,12,16,101,2
6,1,84,12,15,15,126,2
6,1,99,18,7,20,144,2
6,1,106,10,9,8,133,2
6,1,6,11,34,20,71,2
6,1,59,29,15,16,119,2
6,1,139,25,41,5,210,4
6,1,109,12,49,6,176,4
6,1,124,24,47,9,204,4
6,1,135,29,39,7,210,4
6,1,137,15,37,7,196,4
6,1,119,28,46,9,202,4
6,1,127,21,28,5,181,4
6,1,109,37,44,9,199,4
6,1,145,27,35,7,214,4
6,1,133,36,28,6,203,4
6,1,138,19,36,5,198,4
6,1,73,5,20,10,108,2
6,1,83,11,14,33,141,3
6,1,89,8,10,19,126,2
6,1,99,19,18,24,160,3
6,1,54,17,14,8,93,1
6,1,58,18,14,6,96,1
6,1,56,16,12,9,93,1
6,1,77,6,20,5,108,2
6,1,85,6,18,17,126,2
6,1,105,14,13,32,164,3
6,1,96,21,11,24,152,3
6,1,66,22,17,16,121,2
6,1,88,15,19,14,136,2
6,1,16,1,1,24,42,2
6,1,13,1,0,11,25,1
6,1,13,5,1,23,42,2
6,1,19,5,0,37,61,2
6,1,19,1,0,31,51,2
6,1,11,5,0,19,35,2
6,1,18,3,0,32,53,2
6,1,17,1,1,38,57,2
7,2,17,3,0,20,40,2
7,2,18,4,1,19,42,2
7,2,19,3,0,24,46,2
7,2,16,3,0,15,34,2
7,2,12,5,1,21,39,2
7,2,17,3,0,36,56,2
7,2,19,4,1,21,45,2
7,2,13,5,0,20,38,2
7,2,14,0,1,37,52,2
7,2,14,5,0,39,58,2
7,2,13,1,0,19,33,2
7,2,18,5,1,25,49,2
7,2,15,1,1,15,32,2
7,2,19,2,0,30,51,2
7,2,18,2,1,27,48,2
7,2,13,1,0,38,52,2
7,2,19,2,0,32,53,2
7,2,116,0,1,9,126,2
7,2,60,12,8,15,95,2
7,2,82,15,0,19,116,2
7,2,67,23,7,3,100,1
7,2,59,27,10,18,114,2
7,2,66,6,9,5,86,1
7,2,120,10,3,16,149,2
7,2,121,22,30,0,173,4
7,2,130,27,39,5,201,4
7,2,139,31,44,3,217,4
7,2,129,14,43,5,191,4
7,2,131,28,43,5,207,4
7,2,119,39,24,1,183,4
7,2,142,25,34,5,206,4
7,2,123,22,22,3,170,4
7,2,106,19,38,4,167,2
7,2,115,39,20,2,176,4
7,2,111,17,32,1,161,3
7,2,144,26,50,3,223,2
7,2,126,31,48,2,207,4
7,2,73,22,21,29,145,3
7,2,28,7,25,18,78,2
7,2,31,10,40,9,90,2
7,2,51,14,33,14,112,3
7,2,22,7,39,23,91,2
7,2,46,5,11,21,83,2
7,2,72,22,21,27,142,3
7,2,70,5,5,29,109,2
7,2,28,9,9,24,70,2
7,2,44,5,11,23,83,2
7,2,27,6,13,30,76,2
7,2,20,6,6,23,55,2
7,2,29,7,3,28,67,2
7,2,20,6,5,27,58,2
7,2,65,9,15,22,111,2
7,2,36,5,6,20,67,2
7,2,99,21,21,6,147,2
7,2,101,21,34,18,174,4
7,2,98,29,34,12,173,4
7,2,113,20,7,13,153,2
7,2,75,24,27,7,133,3
7,2,71,21,38,11,141,3
7,2,119,13,32,7,171,4
7,2,114,11,39,13,177,4
7,2,99,26,8,11,144,2
7,2,39,12,21,9,81,2
7,2,114,26,16,20,176,4
7,2,120,32,39,9,200,4
7,2,143,24,35,6,208,4
7,2,121,28,21,5,175,4
7,2,134,23,28,10,195,4
7,2,103,13,37,10,163,3
7,2,122,12,48,10,192,4
7,2,145,39,23,6,213,4
7,2,105,13,48,10,176,4
7,2,144,13,40,10,207,4
7,2,103,18,40,5,166,3
7,2,120,15,34,8,177,4
7,2,56,19,16,13,104,2
7,2,56,5,17,14,92,2
7,2,108,15,13,5,141,2
7,2,58,23,14,34,129,3
7,2,58,13,11,33,115,3
7,2,76,24,14,15,129,2
7,2,69,8,13,28,118,3
7,2,54,9,12,10,85,1
7,2,89,7,10,10,116,2
7,2,110,18,18,10,156,2
7,2,86,12,17,18,133,2
7,2,82,7,16,9,114,2
7,2,102,5,19,11,137,2
7,2,16,5,0,21,42,2
7,2,11,3,1,39,54,2
7,2,18,5,0,11,34,1
7,2,12,0,1,32,45,2
7,2,15,4,1,39,59,2
7,2,15,4,0,26,45,2
7,2,13,1,0,30,44,2
7,2,12,3,0,28,43,2
8,3,17,2,1,20,40,2
8,3,14,5,1,33,53,2
8,3,16,3,1,11,31,1
8,3,18,2,1,13,34,2
8,3,12,2,1,17,32,2
8,3,17,4,1,15,37,2
8,3,18,1,1,25,45,2
8,3,20,1,1,10,32,1
8,3,15,1,0,21,37,2
8,3,11,3,1,34,49,2
8,3,19,0,1,13,33,2
8,3,10,3,0,14,27,2
8,3,17,5,1,17,40,2
8,3,16,1,0,11,28,1
8,3,11,0,1,33,45,2
8,3,10,5,0,39,54,2
8,3,12,3,0,32,47,2
8,3,106,16,10,10,142,2
8,3,69,18,0,12,99,1
8,3,103,26,6,12,147,2
8,3,99,25,6,6,136,2
8,3,85,9,4,11,109,1
8,3,109,0,3,8,120,2
8,3,106,27,1,6,140,2
8,3,133,28,31,3,195,4
8,3,108,39,34,5,186,4
8,3,101,12,48,1,162,3
8,3,145,11,29,1,186,4
8,3,112,33,29,3,177,4
8,3,111,18,32,4,165,3
8,3,133,39,44,2,218,4
8,3,115,34,37,5,191,4
8,3,135,35,38,3,211,4
8,3,142,40,28,3,213,4
8,3,124,11,27,2,164,3
8,3,122,29,31,5,187,4
8,3,101,19,23,5,148,2
8,3,72,5,15,20,112,2
8,3,100,13,23,9,145,2
8,3,32,10,33,8,83,2
8,3,42,25,37,12,116,3
8,3,81,25,40,20,166,3
8,3,56,18,9,23,106,2
8,3,84,9,31,17,141,3
8,3,36,9,8,28,81,2
8,3,32,5,11,27,75,2
8,3,26,7,15,27,75,2
8,3,34,5,5,22,66,2
8,3,66,9,6,30,111,2
8,3,69,10,4,24,107,2
8,3,44,7,9,20,80,2
8,3,58,10,5,27,100,2
8,3,27,6,14,30,77,2
8,3,19,21,25,15,80,2
8,3,39,15,30,8,92,2
8,3,109,21,10,12,152,2
8,3,93,10,9,15,127,2
8,3,73,16,12,11,112,2
8,3,111,18,29,16,174,4
8,3,37,20,10,19,86,2
8,3,74,23,13,20,130,2
8,3,32,28,35,6,101,2
8,3,34,23,19,17,93,2
8,3,59,25,9,20,113,2
8,3,145,12,24,8,189,4
8,3,118,17,28,8,171,4
8,3,145,20,47,8,220,4
8,3,140,25,46,10,221,4
8,3,120,35,43,7,205,4
8,3,126,24,31,7,188,4
8,3,106,22,43,5,176,4
8,3,137,40,28,9,214,4
8,3,108,40,25,6,179,4
8,3,135,15,50,6,206,4
8,3,121,21,49,8,199,4
8,3,59,6,20,6,91,2
8,3,59,13,18,27,117,3
8,3,103,7,15,15,140,2
8,3,56,14,14,31,115,3
8,3,106,23,12,9,150,2
8,3,109,5,16,17,147,2
8,3,110,5,20,11,146,2
8,3,86,15,15,23,139,3
8,3,91,18,19,26,154,3
8,3,99,19,15,28,161,3
8,3,93,14,20,17,144,2
8,3,89,25,13,23,150,3
8,3,107,15,12,24,158,3
8,3,16,5,0,14,35,2
8,3,14,5,1,20,40,2
8,3,18,3,0,24,45,2
8,3,12,3,0,40,55,2
8,3,14,4,1,27,46,2
8,3,18,5,1,15,39,2
8,3,10,4,1,23,38,2
8,3,10,5,0,14,29,2
9,4,14,3,0,28,45,2
9,4,10,2,0,38,50,2
9,4,19,0,0,32,51,2
9,4,20,3,0,19,42,2
9,4,18,3,0,14,35,2
9,4,11,2,0,12,25,1
9,4,17,1,1,13,32,2
9,4,10,0,1,36,47,2
9,4,17,0,0,32,49,2
9,4,20,5,1,22,48,2
9,4,12,3,0,17,32,2
9,4,13,0,0,31,44,2
9,4,11,1,1,35,48,2
9,4,18,2,0,19,39,2
9,4,15,0,1,24,40,2
9,4,14,3,0,25,42,2
9,4,12,0,1,16,29,2
9,4,85,24,5,5,119,2
9,4,71,22,5,2,100,1
9,4,108,4,5,3,120,2
9,4,63,29,5,15,112,2
9,4,62,12,3,18,95,2
9,4,118,15,3,11,147,2
9,4,90,21,2,14,127,2
9,4,141,30,31,1,203,4
9,4,126,31,33,2,192,4
9,4,112,26,30,4,172,4
9,4,112,12,38,4,166,3
9,4,144,14,33,4,195,4
9,4,127,13,36,1,177,4
9,4,146,10,44,5,205,4
9,4,146,22,26,4,198,4
9,4,101,10,48,5,164,3
9,4,104,19,24,4,151,2
9,4,150,20,43,0,213,4
9,4,110,35,45,2,192,4
9,4,139,15,28,2,184,4
9,4,99,17,32,7,155,3
9,4,22,15,7,19,63,2
9,4,11,12,21,24,68,2
9,4,47,20,18,16,101,2
9,4,54,1,35,26,116,3
9,4,26,16,13,16,71,2
9,4,99,18,39,19,175,4
9,4,31,9,11,28,79,2
9,4,24,8,13,23,68,2
9,4,21,7,9,20,57,2
9,4,60,10,5,25,100,2
9,4,29,9,12,21,71,2
9,4,37,7,14,28,86,2
9,4,53,7,11,22,93,2
9,4,35,5,15,25,80,2
9,4,53,6,10,28,97,2
9,4,114,18,17,8,157,2
9,4,95,28,22,9,154,2
9,4,62,23,38,19,142,3
9,4,70,28,12,12,122,2
9,4,35,20,10,8,73,1
9,4,60,23,10,20,113,2
9,4,40,22,25,9,96,2
9,4,53,21,6,11,91,1
9,4,99,16,38,7,160,3
9,4,86,21,31,18,156,3
9,4,79,28,35,13,155,3
9,4,146,25,33,8,212,4
9,4,116,24,36,6,182,4
9,4,107,14,44,5,170,4
9,4,115,20,27,9,171,4
9,4,113,23,43,6,185,4
9,4,102,20,31,5,158,3
9,4,138,27,21,7,193,4
9,4,146,13,38,9,206,4
9,4,139,33,41,7,220,4
9,4,130,24,48,9,211,4
9,4,135,31,34,8,208,4
9,4,106,22,16,20,164,2
9,4,109,23,14,26,172,4
9,4,108,24,19,10,161,2
9,4,50,16,16,11,93,2
9,4,102,22,17,10,151,2
9,4,72,25,10,27,134,3
9,4,91,13,18,13,135,2
9,4,67,19,11,8,105,1
9,4,61,14,10,5,90,1
9,4,107,13,14,28,162,3
9,4,91,5,12,34,142,3
9,4,106,18,13,27,164,3
9,4,107,14,10,18,149,2
9,4,17,4,1,20,42,2
9,4,11,4,1,30,46,2
9,4,11,4,0,23,38,2
9,4,16,3,1,36,56,2
9,4,11,0,1,30,42,2
9,4,15,4,1,25,45,2
9,4,16,5,0,27,48,2
9,4,14,3,1,15,33,2
10,2,82,7,3,10,102,1
10,2,89,10,2,10,111,1
10,2,77,3,0,18,98,1
10,2,143,30,17,12,202,4
10,2,134,18,21,11,184,4
10,2,134,30,15,14,193,4
10,2,139,12,22,13,186,4
10,2,33,12,9,6,60,1
10,2,69,9,26,9,113,3
10,2,69,12,10,5,96,1
10,2,55,11,9,17,92,1
10,2,53,13,7,5,78,1
10,2,73,15,3,17,108,1
10,2,76,15,32,17,140,3
10,2,150,21,10,14,195,4
10,2,126,27,40,19,212,4
10,2,144,7,35,17,203,4
10,2,145,13,12,18,188,4
10,2,121,29,27,15,192,4
10,2,150,21,37,19,227,4
10,2,129,20,35,18,202,4
10,2,114,7,39,19,179,4
10,2,109,10,26,17,162,3
10,2,107,2,15,35,159,3
10,2,78,6,16,35,135,3
10,2,70,20,10,33,133,3
11,3,72,7,2,14,95,1
11,3,73,6,6,15,100,1
11,3,57,0,0,15,72,1
11,3,54,6,3,18,81,1
11,3,135,13,18,6,172,4
11,3,134,20,24,8,186,4
11,3,120,26,17,8,171,4
11,3,142,19,16,5,182,4
11,3,121,28,20,15,184,4
11,3,140,15,14,12,181,4
11,3,68,12,29,12,121,3
11,3,56,7,14,15,92,1
11,3,88,14,32,26,160,3
11,3,61,11,27,22,121,3
11,3,110,9,37,13,169,4
11,3,116,12,39,12,179,4
11,3,100,27,39,13,179,4
11,3,118,11,28,11,168,4
11,3,137,14,13,13,177,4
11,3,130,23,14,18,185,4
11,3,146,13,10,18,187,4
11,3,114,24,31,10,179,4
11,3,72,1,9,32,114,3
11,3,92,20,11,31,154,3
11,3,62,7,7,13,89,1
11,3,62,1,5,10,78,1
12,4,57,9,0,15,81,1
12,4,61,5,0,11,77,1
12,4,59,8,5,18,90,1
12,4,72,3,5,10,90,1
12,4,132,16,23,9,180,4
12,4,117,18,22,12,169,4
12,4,149,15,10,15,189,4
12,4,140,14,12,12,178,4
12,4,146,17,20,6,189,4
12,4,148,16,25,6,195,4
12,4,125,21,22,11,179,4
12,4,56,12,30,16,114,3
12,4,52,8,5,12,77,1
12,4,76,6,8,14,104,1
12,4,64,9,8,34,115,3
12,4,47,13,0,18,78,1
12,4,96,20,28,14,158,3
12,4,133,6,21,15,175,4
12,4,128,11,38,14,191,4
12,4,123,27,34,13,197,4
12,4,129,23,17,16,185,4
12,4,104,22,40,11,177,4
12,4,128,9,19,14,170,4
12,4,130,10,38,11,189,4
12,4,146,14,35,15,210,4
12,4,120,22,32,17,191,4
12,4,102,25,31,14,172,4
12,4,59,5,6,11,81,1
12,4,53,14,19,33,119,3
13,5,52,5,2,54,113,3
13,5,64,7,3,59,133,3
13,5,79,2,2,48,131,3
13,5,72,5,3,57,137,3
13,5,58,10,1,58,127,3
13,5,77,0,3,44,124,3
13,5,65,10,1,52,128,3
13,5,65,6,3,55,129,3
13,5,78,6,2,35,121,3
13,5,144,42,11,7,204,4
13,5,125,29,19,6,179,4
13,5,114,50,6,8,178,4
13,5,136,24,20,6,186,4
13,5,114,37,19,7,177,4
13,5,141,50,16,5,212,4
13,5,117,50,20,10,197,4
13,5,131,39,5,5,180,4
13,5,146,24,13,6,189,4
13,5,134,26,14,6,180,4
13,5,111,46,19,8,184,4
13,5,106,37,19,8,170,4
13,5,128,36,12,9,185,4
13,5,142,21,7,9,179,4
13,5,139,47,7,8,201,4
13,5,127,28,20,10,185,4
13,5,126,39,13,7,185,4
13,5,66,5,5,17,93,1
13,5,50,6,15,9,80,1
13,5,50,13,1,11,75,1
13,5,80,7,0,9,96,1
13,5,71,5,10,5,91,1
13,5,83,11,2,12,108,1
13,5,54,5,6,10,75,1
13,5,55,6,4,10,75,1
13,5,56,15,14,5,90,1
13,5,71,8,13,12,104,1
13,5,59,5,13,18,95,1
13,5,62,14,4,10,90,1
14,6,74,10,1,10,95,1
14,6,134,12,20,5,171,4
14,6,132,10,20,13,175,4
14,6,141,16,25,10,192,4
14,6,108,29,23,11,171,4
14,6,147,27,25,7,206,4
14,6,141,30,19,7,197,4
14,6,118,23,19,15,175,4
14,6,71,15,7,10,103,1
14,6,58,5,5,7,75,1
14,6,82,16,32,22,152,3
14,6,18,16,10,14,58,1
14,6,57,12,30,15,114,3
14,6,6,4,5,10,25,1
14,6,78,19,30,23,150,3
14,6,129,18,12,17,176,4
14,6,114,9,39,11,173,4
14,6,139,8,40,17,204,4
14,6,129,11,12,20,172,4
14,6,149,22,31,13,215,4
14,6,120,27,37,12,196,4
14,6,120,6,37,18,181,4
14,6,124,28,32,18,202,4
14,6,116,10,28,19,173,4
14,6,88,8,20,33,149,3
14,6,94,17,19,35,165,3
14,6,74,8,10,13,105,1
14,6,92,9,11,32,144,3
15,7,76,7,2,14,99,1
15,7,54,8,0,16,78,1
15,7,128,11,25,13,177,4
15,7,131,23,15,11,180,4
15,7,140,24,17,8,189,4
15,7,113,23,23,10,169,4
15,7,143,11,11,12,177,4
15,7,137,24,25,8,194,4
15,7,134,13,24,11,182,4
15,7,137,13,20,9,179,4
15,7,77,5,5,14,101,1
15,7,68,14,30,19,131,3
15,7,46,5,11,13,75,1
15,7,36,16,12,13,77,1
15,7,95,6,27,14,142,3
15,7,39,13,8,11,71,1
15,7,54,15,8,11,88,1
15,7,28,19,13,11,71,1
15,7,29,18,9,15,71,1
15,7,122,18,18,19,177,4
15,7,150,30,14,17,211,4
15,7,113,25,28,12,178,4
15,7,116,23,39,17,195,4
15,7,127,14,40,11,192,4
15,7,116,15,33,20,184,4
15,7,136,15,15,18,184,4
15,7,109,25,35,12,181,4
15,7,134,21,26,15,196,4
15,7,135,10,36,15,196,4
15,7,52,17,5,16,90,1
15,7,67,7,20,33,127,3
16,1,147,26,11,5,189,4
16,1,130,16,10,15,171,4
16,1,138,22,20,8,188,4
16,1,128,16,22,12,178,4
16,1,141,27,12,9,189,4
16,1,61,8,7,18,94,1
16,1,35,18,3,16,72,1
16,1,30,19,14,18,81,1
16,1,125,11,26,11,173,4
16,1,130,10,30,20,190,4
16,1,149,27,24,19,219,4
16,1,107,25,38,14,184,4
16,1,129,16,23,10,178,4
16,1,131,7,33,13,184,4
16,1,124,20,13,14,171,4
16,1,144,13,12,20,189,4
16,1,148,9,37,18,212,4
16,1,141,11,33,16,201,4
16,1,85,7,13,31,136,3
16,1,101,0,19,33,153,3
16,1,78,3,12,33,126,3
16,1,61,10,14,35,120,3
17,2,83,9,0,14,106,1
17,2,76,4,6,15,101,1
17,2,59,5,2,11,77,1
17,2,71,4,6,17,98,1
17,2,136,30,11,5,182,4
17,2,131,19,18,11,179,4
17,2,109,29,25,11,174,4
17,2,35,14,14,12,75,1
17,2,59,10,7,16,92,1
17,2,56,12,7,6,81,1
17,2,77,10,5,18,110,1
17,2,70,1,11,31,113,3
17,2,17,8,12,10,47,1
17,2,38,1,0,10,49,1
17,2,59,15,31,29,134,3
17,2,116,19,35,11,181,4
17,2,123,5,31,13,172,4
17,2,142,22,25,18,207,4
17,2,101,30,23,18,172,4
17,2,138,16,14,19,187,4
17,2,70,17,20,34,141,3
17,2,83,1,5,31,120,3
17,2,110,2,14,31,157,3
17,2,53,18,10,35,116,3
17,2,65,2,13,33,113,3
18,3,60,0,6,18,84,1
18,3,54,6,6,14,80,1
18,3,68,6,6,11,91,1
18,3,120,28,20,10,178,4
18,3,141,30,24,12,207,4
18,3,144,26,18,13,201,4
18,3,118,27,10,12,167,1
18,3,136,16,24,10,186,4
18,3,139,30,21,15,205,4
18,3,127,18,11,15,171,4
18,3,56,7,8,14,85,1
18,3,34,7,8,9,58,1
18,3,57,10,15,12,94,1
18,3,44,15,9,18,86,1
18,3,47,10,13,13,83,1
18,3,49,8,4,16,77,1
18,3,55,2,35,21,113,3
18,3,73,9,28,17,127,3
18,3,67,1,12,17,97,1
18,3,145,14,35,10,204,4
18,3,107,10,32,10,159,3
18,3,100,17,31,15,163,3
18,3,126,20,37,10,193,4
18,3,147,23,39,13,222,4
18,3,147,29,10,18,204,4
18,3,115,11,27,13,166,3
18,3,132,12,19,15,178,4
18,3,119,28,37,12,196,4
18,3,73,20,14,31,138,3
18,3,63,8,6,13,90,1
19,4,61,7,1,14,83,1
19,4,127,20,13,14,174,4
19,4,130,13,14,13,170,4
19,4,147,18,20,5,190,4
19,4,51,15,9,13,88,1
19,4,49,7,15,6,77,1
19,4,54,13,5,6,78,1
19,4,27,8,10,12,57,1
19,4,66,18,29,10,123,3
19,4,141,6,33,12,192,4
19,4,145,13,19,10,187,4
19,4,101,11,38,18,168,4
19,4,142,28,34,20,224,4
19,4,124,21,13,11,169,4
19,4,115,22,15,19,171,4
19,4,141,20,12,16,189,4
19,4,67,10,19,34,130,3
19,4,56,7,18,34,115,3
19,4,99,13,16,34,162,3
19,4,60,0,14,11,85,1
20,5,75,0,0,54,129,3
20,5,60,9,2,50,121,3
20,5,73,6,0,53,132,3
20,5,73,6,3,43,125,3
20,5,78,0,3,53,134,3
20,5,57,5,1,49,112,3
20,5,65,6,4,44,119,3
20,5,68,10,5,55,138,3
20,5,136,49,19,10,214,4
20,5,138,37,15,7,197,4
20,5,142,34,9,10,195,4
20,5,140,34,6,7,187,4
20,5,128,24,20,7,179,4
20,5,124,26,16,5,171,4
20,5,150,44,13,7,214,4
20,5,146,21,12,5,184,4
20,5,146,50,13,9,218,4
20,5,121,38,19,9,187,4
20,5,150,42,20,5,217,4
20,5,118,31,13,10,172,4
20,5,106,47,12,9,174,4
20,5,136,33,16,5,190,4
20,5,135,33,8,9,185,4
20,5,125,33,12,10,180,4
20,5,150,45,20,9,224,4
20,5,85,14,2,9,110,1
20,5,62,8,8,15,93,1
20,5,68,9,15,15,107,1
20,5,54,6,7,16,83,1
20,5,70,5,7,14,96,1
20,5,77,8,10,6,101,1
20,5,74,13,0,16,103,1
20,5,74,9,2,11,96,1
20,5,66,12,8,16,102,1
20,5,80,5,11,13,109,1
21,6,66,2,5,13,86,1
21,6,87,4,1,10,102,1
21,6,70,3,3,15,91,1
21,6,150,30,20,13,213,4
21,6,136,12,22,5,175,4
21,6,138,19,24,6,187,4
21,6,125,27,20,14,186,4
21,6,132,25,14,14,185,4
21,6,40,5,5,10,60,1
21,6,52,5,15,12,84,1
21,6,70,3,7,33,113,3
21,6,74,3,32,27,136,3
21,6,16,20,1,14,51,1
21,6,136,12,37,18,203,4
21,6,105,17,34,16,172,4
21,6,133,14,37,13,197,4
21,6,132,19,32,17,200,4
21,6,129,7,22,19,177,4
21,6,107,12,26,19,164,3
21,6,133,16,28,17,194,4
21,6,114,17,28,18,177,4
21,6,134,5,27,15,181,4
21,6,103,14,39,20,176,4
21,6,107,10,20,35,172,4
21,6,78,9,7,12,106,1
21,6,87,7,5,11,110,1
21,6,95,0,5,11,111,1
22,7,70,4,0,14,88,1
22,7,72,8,4,18,102,1
22,7,131,30,19,5,185,4
22,7,117,21,21,11,170,4
22,7,145,26,14,9,194,4
22,7,130,19,13,9,171,4
22,7,128,25,13,10,176,4
22,7,56,7,15,12,90,1
22,7,46,9,10,15,80,1
22,7,49,6,11,14,80,1
22,7,66,10,13,35,124,3
22,7,84,3,0,12,99,1
22,7,77,16,33,16,142,3
22,7,67,8,32,11,118,3
22,7,77,6,9,18,110,1
22,7,130,17,27,10,184,4
22,7,149,17,11,19,196,4
22,7,132,20,39,15,206,4
22,7,136,19,37,14,206,4
22,7,120,5,34,18,177,4
22,7,126,16,15,20,177,4
22,7,125,5,34,18,182,4
22,7,51,4,8,11,74,1
22,7,88,20,15,35,158,3
22,7,94,3,5,33,135,3
22,7,68,1,13,32,114,3
23,1,63,10,5,13,91,1
23,1,72,3,2,13,90,1
23,1,83,0,6,14,103,1
23,1,88,0,2,15,105,1
23,1,55,9,2,14,80,1
23,1,86,1,4,11,102,1
23,1,101,30,22,15,168,4
23,1,123,30,20,8,181,4
23,1,142,10,16,8,176,4
23,1,125,19,23,7,174,4
23,1,111,27,25,5,168,4
23,1,55,10,5,8,78,1
23,1,50,11,13,15,89,1
23,1,63,14,27,14,118,3
23,1,32,13,8,11,64,1
23,1,53,13,7,15,88,1
23,1,72,15,6,10,103,1
23,1,69,5,35,23,132,3
23,1,38,15,8,15,76,1
23,1,41,8,5,14,68,1
23,1,118,9,29,18,174,4
23,1,131,29,15,18,193,4
23,1,128,14,22,20,184,4
23,1,116,26,22,18,182,4
23,1,140,26,31,16,213,4
23,1,141,27,23,16,207,4
23,1,147,17,20,19,203,4
23,1,137,23,25,10,195,4
23,1,115,18,24,20,177,4
23,1,55,9,5,10,79,1
23,1,99,16,14,35,164,3
23,1,71,6,20,33,130,3
23,1,105,12,17,31,165,3
24,2,78,0,2,17,97,1
24,2,50,5,2,17,74,1
24,2,79,9,5,14,107,1
24,2,114,23,23,9,169,4
24,2,137,14,13,13,177,4
24,2,135,30,17,10,192,4
24,2,118,25,18,9,170,4
24,2,142,13,11,10,176,4
24,2,128,30,15,14,187,4
24,2,58,14,5,5,82,1
24,2,59,10,29,18,116,3
24,2,7,11,1,12,31,1
24,2,61,16,1,14,92,1
24,2,72,2,27,16,117,3
24,2,119,28,17,18,182,4
24,2,124,26,26,15,191,4
24,2,123,27,23,13,186,4
24,2,129,20,32,20,201,4
24,2,143,6,38,13,200,4
24,2,109,9,28,19,165,3
24,2,119,29,25,11,184,4
24,2,120,19,16,16,171,4
24,2,133,24,17,18,192,4
24,2,132,23,29,13,197,4
24,2,59,14,9,10,92,1
24,2,78,4,11,17,110,1
24,2,56,20,6,32,114,3
24,2,75,19,13,32,139,3
25,3,124,16,21,8,169,4
25,3,147,20,25,8,200,4
25,3,126,30,19,8,183,4
25,3,118,24,17,15,174,4
25,3,144,18,16,5,183,4
25,3,121,16,25,9,171,4
25,3,56,6,10,9,81,1
25,3,68,10,5,31,114,3
25,3,91,2,0,11,104,1
25,3,23,15,7,12,57,1
25,3,134,22,29,11,196,4
25,3,128,23,24,16,191,4
25,3,124,11,30,18,183,4
25,3,134,10,13,19,176,4
25,3,125,17,10,16,168,4
25,3,147,18,13,11,189,4
25,3,146,17,25,11,199,4
25,3,142,15,34,10,201,4
25,3,130,24,23,10,187,4
25,3,94,15,15,32,156,3
25,3,51,8,13,17,89,1
25,3,66,12,20,31,129,3
25,3,83,6,6,35,130,3
26,4,79,3,1,14,97,1
26,4,58,3,2,18,81,1
26,4,64,4,0,12,80,1
26,4,79,7,7,11,104,1
26,4,130,19,20,11,180,4
26,4,130,15,11,15,171,4
26,4,139,28,17,5,189,4
26,4,139,22,16,5,182,4
26,4,141,11,19,7,178,4
26,4,116,29,14,12,171,4
26,4,42,10,15,7,74,1
26,4,37,8,15,15,75,1
26,4,70,8,28,13,119,3
26,4,85,16,26,26,153,3
26,4,84,11,34,14,143,3
26,4,59,14,33,12,118,3
26,4,137,20,30,15,202,4
26,4,121,14,32,10,177,4
26,4,115,26,33,19,193,4
26,4,133,25,19,12,189,4
26,4,110,10,29,17,166,3
26,4,110,20,24,17,171,4
26,4,113,20,38,17,188,4
26,4,134,13,29,15,191,4
26,4,148,14,21,19,202,4
27,5,76,0,5,40,121,3
27,5,51,6,5,57,119,3
27,5,69,1,0,51,121,3
27,5,72,0,4,36,112,3
27,5,78,8,5,37,128,3
27,5,75,6,2,42,125,3
27,5,77,7,1,57,142,3
27,5,49,4,2,58,113,3
27,5,44,9,5,56,114,3
27,5,63,7,0,52,122,3
27,5,117,38,11,9,175,4
27,5,101,41,17,9,168,4
27,5,125,35,19,7,186,4
27,5,147,43,10,7,207,4
27,5,140,22,18,5,185,4
27,5,142,44,6,6,198,4
27,5,147,45,8,10,210,4
27,5,137,26,14,8,185,4
27,5,129,40,13,5,187,4
27,5,131,30,9,8,178,4
27,5,122,46,15,8,191,4
27,5,116,30,15,7,168,4
27,5,136,28,20,9,193,4
27,5,138,34,15,10,197,4
27,5,131,21,9,9,170,4
27,5,129,39,16,5,189,4
27,5,118,50,18,5,191,4
27,5,140,40,8,6,194,4
27,5,137,29,10,9,185,4
27,5,121,46,5,6,178,4
27,5,75,8,7,8,98,1
27,5,60,10,6,5,81,1
27,5,57,13,2,12,84,1
27,5,77,13,7,12,109,1
27,5,64,11,0,9,84,1
27,5,88,5,2,5,100,1
27,5,64,6,1,13,84,1
27,5,62,9,0,18,89,1
27,5,69,8,0,15,92,1
27,5,70,6,9,8,93,1
28,6,59,0,6,16,81,1
28,6,135,13,24,6,178,4
28,6,138,21,19,10,188,4
28,6,148,24,14,10,196,4
28,6,130,18,20,13,181,4
28,6,150,12,16,10,188,4
28,6,132,15,17,14,178,4
28,6,47,6,15,9,77,1
28,6,71,10,6,10,97,1
28,6,49,10,12,8,79,1
28,6,74,15,29,15,133,3
28,6,38,7,1,13,59,1
28,6,144,21,10,19,194,4
28,6,144,24,26,14,208,4
28,6,112,26,38,12,188,4
28,6,106,9,31,11,157,3
28,6,149,27,33,16,225,4
28,6,120,30,17,19,186,4
28,6,133,15,10,10,168,4
28,6,108,14,38,19,179,4
28,6,141,24,11,19,195,4
28,6,127,15,21,17,180,4
28,6,134,20,38,20,212,4
28,6,70,7,7,10,94,1
28,6,74,19,12,35,140,3
29,7,54,8,7,16,85,1
29,7,81,8,5,12,106,1
29,7,122,17,21,9,169,4
29,7,141,30,22,11,204,4
29,7,123,29,13,7,172,4
29,7,131,27,19,15,192,4
29,7,138,25,20,14,197,4
29,7,148,20,14,11,193,4
29,7,125,22,12,12,171,4
29,7,78,6,29,14,127,3
29,7,66,5,7,35,113,3
29,7,55,5,33,20,113,3
29,7,63,16,3,13,95,1
29,7,75,4,3,15,97,1
29,7,92,7,35,25,159,3
29,7,128,26,25,12,191,4
29,7,150,24,30,12,216,4
29,7,108,6,37,18,169,4
29,7,111,17,40,18,186,4
29,7,112,24,39,16,191,4
29,7,140,10,38,18,206,4
29,7,144,13,15,14,186,4
29,7,127,17,24,17,185,4
29,7,138,9,16,20,183,4
29,7,73,1,10,32,116,3
29,7,83,13,9,34,139,3
30,1,84,8,2,12,106,1
30,1,71,0,5,18,94,1
30,1,78,6,2,11,97,1
30,1,115,22,23,13,173,4
30,1,145,10,23,13,191,4
30,1,131,27,20,9,187,4
30,1,113,29,12,15,169,4
30,1,127,18,20,7,172,4
30,1,125,24,17,8,174,4
30,1,54,8,10,15,87,1
30,1,51,3,7,17,78,1
30,1,84,0,30,19,133,3
30,1,17,19,3,10,49,1
30,1,66,19,29,20,134,3
30,1,68,12,5,11,96,1
30,1,38,13,13,11,75,1
30,1,146,14,11,17,188,4
30,1,123,13,31,16,183,4
30,1,132,27,33,19,211,4
30,1,134,17,13,20,184,4
30,1,138,7,40,11,196,4
30,1,117,12,36,15,180,4
30,1,142,6,28,15,191,4
30,1,149,24,36,12,221,4
30,1,110,14,35,11,170,4
30,1,83,3,11,31,128,3
30,1,66,9,18,32,125,3
30,1,108,18,16,30,172,4
31,2,52,6,5,14,77,1
31,2,62,6,3,18,89,1
31,2,72,7,5,14,98,1
31,2,125,25,22,5,177,4
31,2,150,15,22,12,199,4
31,2,119,24,21,9,173,4
31,2,47,10,9,9,75,1
31,2,48,8,14,8,78,1
31,2,42,12,6,17,77,1
31,2,45,13,33,27,118,3
31,2,69,5,2,15,91,1
31,2,5,19,3,10,37,1
31,2,50,13,12,17,92,1
31,2,97,8,30,27,162,3
31,2,101,13,31,19,164,3
31,2,139,29,34,10,212,4
31,2,139,18,39,17,213,4
31,2,105,12,39,14,170,4
31,2,101,26,25,18,170,4
31,2,109,25,36,11,181,4
31,2,135,19,13,16,183,4
31,2,118,18,14,19,169,4
31,2,102,29,36,18,185,4
31,2,136,25,31,18,210,4
31,2,112,22,26,13,173,4
31,2,57,12,12,35,116,3
31,2,52,19,14,34,119,3
31,2,67,6,11,17,101,1
31,2,64,6,12,32,114,3
31,2,107,6,12,32,157,3
31,2,87,7,5,11,110,1
31,2,91,6,7,35,139,3
31,2,98,16,8,31,153,3
31,2,84,5,6,35,130,3
1,3,88,1,3,17,109,1
1,3,70,8,6,13,97,1
1,3,59,2,0,12,73,1
1,3,52,7,0,13,72,1
1,3,124,27,25,15,191,4
1,3,143,22,21,5,191,4
1,3,106,29,23,11,169,4
1,3,145,22,24,14,205,4
1,3,142,13,14,6,175,4
1,3,134,27,19,8,188,4
1,3,41,8,5,17,71,1
1,3,58,10,14,7,89,1
1,3,49,12,13,12,86,1
1,3,50,8,34,26,118,3
1,3,16,4,2,14,36,1
1,3,38,17,5,14,74,1
1,3,119,18,17,14,168,4
1,3,111,8,37,10,166,3
1,3,119,13,28,13,173,4
1,3,144,18,28,13,203,4
1,3,133,29,14,11,187,4
1,3,134,5,21,15,175,4
1,3,140,20,27,13,200,4
1,3,116,27,34,20,197,4
1,3,121,15,19,20,175,4
1,3,123,30,32,12,197,4
1,3,62,0,19,34,115,3
1,3,75,14,5,35,129,3
1,3,96,3,10,33,142,3
1,3,89,15,13,31,148,3
2,4,50,9,4,12,75,1
2,4,51,7,5,11,74,1
2,4,83,0,4,13,100,1
2,4,72,4,5,16,97,1
2,4,139,13,21,8,181,4
2,4,125,26,12,15,178,4
2,4,130,18,17,13,178,4
2,4,129,17,21,5,172,4
2,4,129,27,21,9,186,4
2,4,122,26,21,10,179,4
2,4,57,13,10,9,89,1
2,4,44,5,11,18,78,1
2,4,10,4,3,18,35,1
2,4,40,9,6,10,65,1
2,4,28,2,1,11,42,1
2,4,44,19,28,26,117,3
2,4,111,27,20,20,178,4
2,4,113,10,33,10,166,3
2,4,119,27,17,17,180,4
2,4,146,28,12,11,197,4
2,4,127,30,20,13,190,4
2,4,138,10,10,20,178,4
2,4,107,27,19,18,171,4
2,4,125,29,12,14,180,4
2,4,112,12,30,10,164,3
2,4,123,19,14,19,175,4
2,4,105,16,15,33,169,4
2,4,57,8,11,16,92,1
2,4,71,4,15,34,124,3
2,4,68,0,7,14,89,1
3,5,65,9,2,53,129,3
3,5,73,4,0,39,116,3
3,5,59,8,5,44,116,3
3,5,71,1,4,44,120,3
3,5,50,10,2,56,118,3
3,5,72,6,4,36,118,3
3,5,149,37,14,10,210,4
3,5,143,48,19,5,215,4
3,5,143,21,6,6,176,4
3,5,139,30,13,10,192,4
3,5,136,38,13,6,193,4
3,5,144,43,13,8,208,4
3,5,125,22,18,8,173,4
3,5,147,35,19,8,209,4
3,5,128,49,7,9,193,4
3,5,130,43,15,6,194,4
3,5,113,38,17,10,178,4
3,5,147,38,5,8,198,4
3,5,123,29,16,10,178,4
3,5,121,41,14,5,181,4
3,5,136,46,9,10,201,4
3,5,58,14,14,15,101,1
3,5,62,6,7,12,87,1
3,5,62,7,9,7,85,1
3,5,55,6,2,18,81,1
3,5,62,5,14,9,90,1
3,5,82,5,5,5,97,1
3,5,68,5,0,16,89,1
3,5,66,11,9,5,91,1
3,5,81,13,0,14,108,1
3,5,56,5,9,17,87,1
3,5,52,6,5,6,69,1
4,6,50,5,4,16,75,1
4,6,59,8,7,17,91,1
4,6,61,6,5,12,84,1
4,6,67,4,3,16,90,1
4,6,118,27,10,12,167,1
4,6,144,22,12,10,188,4
4,6,123,20,21,6,170,4
4,6,143,26,22,10,201,4
4,6,80,13,11,5,109,1
4,6,123,30,13,12,178,4
4,6,143,25,14,12,194,4
4,6,38,15,6,6,65,1
4,6,66,6,7,16,95,1
4,6,77,11,13,6,107,1
4,6,17,4,4,11,36,1
4,6,64,13,9,12,98,1
4,6,11,3,2,14,30,1
4,6,88,3,31,23,145,3
4,6,144,16,25,18,203,4
4,6,116,23,37,11,187,4
4,6,114,6,38,11,169,4
4,6,130,10,19,10,169,4
4,6,144,19,18,15,196,4
4,6,119,13,38,18,188,4
4,6,123,18,18,12,171,4
4,6,147,14,32,10,203,4
4,6,114,27,32,10,183,4
4,6,113,27,35,10,185,4
4,6,76,3,8,13,100,1
4,6,80,0,12,13,105,1
4,6,59,7,14,16,96,1
4,6,99,12,14,34,159,3
4,6,65,16,9,14,104,1
4,6,81,18,16,33,148,3
5,7,64,4,7,15,90,1
5,7,80,2,2,18,102,1
5,7,78,4,0,11,93,1
5,7,146,19,25,8,198,4
5,7,137,22,14,10,183,4
5,7,150,26,18,10,204,4
5,7,148,15,22,8,193,4
5,7,145,20,24,13,202,4
5,7,127,27,17,15,186,4
5,7,74,14,28,15,131,3
5,7,71,8,28,11,118,3
5,7,54,11,11,11,87,1
5,7,53,2,14,12,81,1
5,7,12,3,11,15,41,1
5,7,57,19,11,16,103,1
5,7,13,19,7,12,51,1
5,7,127,20,16,17,180,4
5,7,122,12,20,19,173,4
5,7,141,22,29,12,204,4
5,7,131,29,33,12,205,4
5,7,126,6,22,15,169,4
5,7,128,14,11,18,171,4
5,7,137,29,36,18,220,4
5,7,129,18,10,18,175,4
5,7,100,30,31,20,181,4
5,7,136,16,17,11,180,4
5,7,86,14,13,33,146,3
5,7,81,0,7,15,103,1
5,7,60,2,10,18,90,1
5,7,69,3,19,32,123,3
5,7,74,9,15,33,131,3
5,7,102,18,20,31,171,4
6,1,58,8,7,13,86,1
6,1,72,1,5,11,89,1
6,1,134,18,14,6,172,4
6,1,142,25,22,5,194,4
6,1,137,13,19,14,183,4
6,1,128,21,19,13,181,4
6,1,49,15,15,5,84,1
6,1,59,6,10,17,92,1
6,1,68,15,26,11,120,3
6,1,74,9,14,6,103,1
6,1,62,9,12,32,115,3
6,1,68,0,12,35,115,3
6,1,70,6,8,35,119,3
6,1,48,4,8,17,77,1
6,1,118,8,27,16,169,4
6,1,145,19,22,19,205,4
6,1,126,22,28,16,192,4
6,1,120,24,30,10,184,4
6,1,128,10,14,18,170,4
6,1,142,26,32,10,210,4
6,1,121,25,33,13,192,4
6,1,144,6,18,12,180,4
6,1,116,26,14,18,174,4
6,1,138,21,39,17,215,4
6,1,97,17,19,33,166,3
6,1,64,13,13,16,106,1
6,1,60,20,12,32,124,3
6,1,58,15,12,31,116,3
6,1,95,7,18,34,154,3
7,2,64,0,2,12,78,1
7,2,60,8,7,11,86,1
7,2,59,1,7,11,78,1
7,2,72,2,6,11,91,1
7,2,86,10,2,12,110,1
7,2,79,7,4,10,100,1
7,2,128,29,24,9,190,4
7,2,140,15,13,7,175,4
7,2,150,28,12,9,199,4
7,2,104,29,21,15,169,4
7,2,130,17,17,12,176,4
7,2,35,10,11,17,73,1
7,2,31,13,11,7,62,1
7,2,80,9,9,9,107,1
7,2,60,10,8,11,89,1
7,2,62,11,9,12,94,1
7,2,98,8,26,18,150,3
7,2,76,12,8,15,111,1
7,2,79,15,26,30,150,3
7,2,62,6,29,23,120,3
7,2,144,14,12,16,186,4
7,2,121,17,35,14,187,4
7,2,145,5,20,12,182,4
7,2,127,11,24,16,178,4
7,2,128,9,29,20,186,4
7,2,116,18,32,18,184,4
7,2,149,20,17,13,199,4
7,2,144,27,22,16,209,4
7,2,145,6,40,13,204,4
7,2,110,16,18,34,178,4
7,2,106,8,10,31,155,3
7,2,53,13,12,15,93,1
7,2,90,0,11,32,133,3
8,3,64,10,7,15,96,1
8,3,57,10,2,18,87,1
8,3,76,7,4,15,102,1
8,3,54,2,3,13,72,1
8,3,144,13,10,5,172,4
8,3,147,21,12,11,191,4
8,3,142,11,25,5,183,4
8,3,138,23,17,12,190,4
8,3,144,15,15,14,188,4
8,3,122,24,17,9,172,4
8,3,137,28,17,14,196,4
8,3,78,8,11,9,106,1
8,3,57,13,11,14,95,1
8,3,72,9,27,12,120,3
8,3,58,14,7,16,95,1
8,3,80,9,26,10,125,3
8,3,68,12,10,18,108,1
8,3,42,17,2,11,72,1
8,3,16,14,14,18,62,1
8,3,73,0,33,30,136,3
8,3,106,5,29,14,154,3
8,3,142,16,18,10,186,4
8,3,129,7,26,15,177,4
8,3,131,11,10,18,170,4
8,3,128,19,32,20,199,4
8,3,144,16,14,11,185,4
8,3,150,5,11,18,184,4
8,3,128,20,16,16,180,4
8,3,62,13,6,15,96,1
8,3,66,16,17,35,134,3
8,3,63,0,10,18,91,1
8,3,100,11,10,35,156,3
8,3,98,16,17,33,164,3
8,3,60,4,20,31,115,3
8,3,55,9,15,17,96,1
9,4,65,1,6,18,90,1
9,4,60,8,6,10,84,1
9,4,56,10,4,11,81,1
9,4,78,5,6,12,101,1
9,4,150,30,14,15,209,4
9,4,142,29,15,5,191,4
9,4,150,19,23,12,204,4
9,4,63,5,14,10,92,1
9,4,36,6,15,6,63,1
9,4,60,6,6,11,83,1
9,4,46,11,9,17,83,1
9,4,78,15,26,15,134,3
9,4,54,5,11,7,77,1
9,4,62,10,12,35,119,3
9,4,85,2,30,16,133,3
9,4,119,8,34,12,173,4
9,4,120,17,37,14,188,4
9,4,141,23,24,15,203,4
9,4,118,30,28,11,187,4
9,4,139,30,33,16,218,4
9,4,132,16,13,11,172,4
9,4,115,26,34,20,195,4
9,4,105,16,32,17,170,4
9,4,116,10,27,11,164,3
9,4,147,22,17,20,206,4
9,4,138,13,15,13,179,4
9,4,84,4,14,33,135,3
9,4,75,2,17,31,125,3
9,4,51,5,5,17,78,1
9,4,67,12,10,16,105,1
9,4,69,0,8,13,90,1
10,2,31,0,4,4,39,1
10,2,49,0,3,3,55,1
10,2,46,0,3,6,55,1
10,2,51,0,2,5,58,1
10,2,57,6,15,16,94,1
10,2,44,0,5,4,53,1
10,2,37,0,1,4,42,1
10,2,42,4,4,5,55,1
10,2,51,0,9,7,67,1
10,2,34,0,4,7,45,1
10,2,45,0,1,1,47,1
10,2,45,0,1,3,49,1
10,2,50,0,3,0,53,1
10,2,34,0,4,4,42,1
10,2,129,22,42,1,194,4
10,2,144,16,49,0,209,4
10,2,67,11,10,16,104,1
10,2,67,29,5,10,111,1
10,2,56,12,2,14,84,1
10,2,57,13,3,11,84,1
10,2,129,22,42,1,194,4
10,2,144,16,49,0,209,4
10,2,120,27,46,3,196,4
10,2,102,39,47,1,189,4
10,2,145,23,27,0,195,4
10,2,114,37,21,5,177,4
10,2,122,28,33,1,184,4
10,2,114,39,30,3,186,4
10,2,150,36,25,1,212,4
10,2,107,10,49,2,168,4
10,2,124,24,22,0,170,4
10,2,77,16,39,29,161,3
10,2,32,22,38,21,113,3
10,2,68,13,29,24,134,3
10,2,76,7,11,15,109,1
10,2,79,15,36,18,148,3
10,2,59,19,35,16,129,3
10,2,88,26,31,19,164,3
10,2,110,17,23,20,170,4
10,2,29,26,5,6,66,1
10,2,141,31,36,6,214,4
10,2,120,25,28,5,178,4
10,2,137,23,44,5,209,4
10,2,124,11,30,7,172,4
10,2,145,25,49,7,226,4
10,2,122,37,23,8,190,4
10,2,136,30,20,9,195,4
10,2,145,18,40,9,212,4
10,2,138,34,28,5,205,4
10,2,123,10,29,8,170,4
10,2,70,8,14,6,98,1
10,2,80,17,12,34,143,3
10,2,18,2,1,13,34,1
10,2,15,0,1,11,27,1
11,3,12,2,1,17,32,1
11,3,16,1,0,14,31,1
11,3,20,0,0,14,34,1
11,3,18,4,0,11,33,1
11,3,14,4,1,10,29,1
11,3,125,13,26,2,166,3
11,3,125,39,49,3,216,4
11,3,125,34,37,1,197,4
11,3,125,19,25,4,173,4
11,3,125,15,49,0,189,4
11,3,125,32,50,5,212,4
11,3,125,38,50,1,214,4
11,3,125,29,29,3,186,4
11,3,125,31,48,4,208,4
11,3,125,32,50,0,207,4
11,3,125,31,45,0,201,4
11,3,125,28,36,0,189,4
11,3,48,25,36,21,130,3
11,3,93,7,30,16,146,3
11,3,55,15,36,15,121,3
11,3,54,29,37,9,129,3
11,3,60,21,26,11,118,3
11,3,39,24,13,11,87,1
11,3,90,20,35,7,152,3
11,3,109,30,22,20,181,4
11,3,142,22,37,6,207,4
11,3,142,13,37,8,200,4
11,3,108,23,26,9,166,3
11,3,122,29,30,7,188,4
11,3,133,12,30,7,182,4
11,3,118,23,38,10,189,4
11,3,121,35,26,8,190,4
11,3,132,12,27,8,179,4
11,3,144,17,33,7,201,4
11,3,50,10,10,17,87,1
11,3,108,24,15,29,176,4
11,3,86,13,11,35,145,3
11,3,18,4,0,16,38,1
11,3,18,5,0,12,35,1
11,3,18,1,0,17,36,1
11,3,18,0,1,12,31,1
12,4,18,5,1,13,37,1
12,4,18,0,0,13,31,1
12,4,18,5,0,11,34,1
12,4,18,5,1,12,36,1
12,4,18,1,1,16,36,1
12,4,18,1,0,14,33,1
12,4,62,24,7,2,95,1
12,4,51,23,6,1,81,1
12,4,117,38,50,5,210,4
12,4,114,32,34,2,182,4
12,4,145,20,25,2,192,4
12,4,125,30,48,1,204,4
12,4,103,27,45,1,176,4
12,4,114,20,43,1,178,4
12,4,145,10,44,1,200,4
12,4,147,31,20,4,202,4
12,4,104,24,40,0,168,4
12,4,101,37,31,4,173,4
12,4,144,30,37,1,212,4
12,4,59,6,11,11,87,1
12,4,14,21,7,18,60,1
12,4,118,25,31,13,187,4
12,4,105,29,22,12,168,4
12,4,105,35,48,6,194,4
12,4,135,37,34,5,211,4
12,4,103,29,44,6,182,4
12,4,113,13,42,10,178,4
12,4,103,20,27,9,159,3
12,4,150,13,20,9,192,4
12,4,116,25,33,8,182,4
12,4,109,16,41,9,175,4
12,4,112,11,50,5,178,4
12,4,104,31,30,5,170,4
12,4,146,18,40,6,210,4
12,4,110,24,10,29,173,4
12,4,62,12,11,18,103,1
13,5,18,4,1,15,38,1
13,5,19,3,0,16,38,1
13,5,10,3,0,12,25,1
13,5,15,1,0,14,30,1
13,5,17,4,0,13,34,1
13,5,19,2,0,11,32,1
13,5,27,6,1,11,45,1
13,5,33,11,6,13,63,1
13,5,63,6,7,10,86,1
13,5,58,13,4,15,90,1
13,5,57,11,7,10,85,1
13,5,63,10,6,12,91,1
13,5,74,9,0,15,98,1
13,5,71,9,7,10,97,1
13,5,33,9,6,13,61,1
13,5,29,6,1,12,48,1
13,5,32,9,3,11,55,1
13,5,57,14,3,11,85,1
13,5,31,11,0,14,56,1
13,5,30,9,3,10,52,1
13,5,61,8,7,12,88,1
13,5,47,10,4,10,71,1
13,5,49,10,2,10,71,1
13,5,58,7,5,13,83,1
13,5,53,19,1,10,83,1
13,5,132,47,25,0,204,4
13,5,131,52,15,0,198,4
13,5,171,59,27,3,260,4
13,5,131,43,20,3,197,4
13,5,177,56,12,4,249,4
13,5,160,47,30,3,240,4
13,5,178,68,28,4,278,4
13,5,169,70,20,3,262,4
13,5,133,56,25,2,216,4
13,5,151,52,13,0,216,4
13,5,179,46,27,3,255,4
13,5,144,68,20,0,232,4
13,5,162,46,19,2,229,4
13,5,159,44,23,2,228,4
13,5,174,67,30,1,272,4
13,5,136,57,29,4,226,4
13,5,156,42,12,3,213,4
13,5,175,63,19,3,260,4
13,5,172,62,20,2,256,4
13,5,171,49,15,0,235,4
13,5,172,65,18,2,257,4
13,5,176,50,13,1,240,4
13,5,153,50,23,3,229,4
13,5,148,64,27,0,239,4
13,5,56,28,6,2,92,1
13,5,77,20,7,0,104,1
13,5,66,24,1,0,91,1
13,5,72,22,8,2,104,1
13,5,66,26,4,1,97,1
13,5,85,20,4,0,109,1
13,5,67,29,1,0,97,1
13,5,65,25,1,1,92,1
13,5,42,1,5,11,59,1
13,5,42,10,3,1,56,1
13,5,31,11,1,12,55,1
13,5,47,7,3,6,63,1
13,5,28,7,2,4,41,1
13,5,22,3,6,1,32,1
13,5,29,1,7,5,42,1
13,5,43,9,1,11,64,1
13,5,23,3,3,8,37,1
13,5,21,2,5,15,43,1
13,5,31,2,1,9,43,1
13,5,15,5,0,18,38,1
13,5,11,2,0,15,28,1
13,5,12,0,1,17,30,1
13,5,18,3,0,18,39,1
13,5,15,5,0,14,34,1
14,6,20,2,0,12,34,1
14,6,15,5,0,15,35,1
14,6,11,4,0,14,29,1
14,6,14,3,1,18,36,1
14,6,15,4,0,16,35,1
14,6,55,15,5,3,78,1
14,6,76,10,7,9,102,1
14,6,115,27,9,16,167,1
14,6,142,18,27,0,187,4
14,6,117,29,49,2,197,4
14,6,126,36,24,0,186,4
14,6,110,39,38,5,192,4
14,6,149,20,39,5,213,4
14,6,124,34,24,4,186,4
14,6,149,35,32,1,217,4
14,6,125,32,38,4,199,4
14,6,101,23,38,1,163,3
14,6,137,36,30,0,203,4
14,6,139,15,21,3,178,4
14,6,26,12,14,13,65,1
14,6,12,22,8,11,53,1
14,6,120,28,22,20,190,4
14,6,79,13,28,7,127,3
14,6,150,30,22,5,207,4
14,6,142,23,25,7,197,4
14,6,111,36,25,6,178,4
14,6,143,37,38,8,226,4
14,6,120,37,43,10,210,4
14,6,140,22,27,5,194,4
14,6,128,37,20,9,194,4
14,6,114,23,42,10,189,4
14,6,117,20,22,9,168,4
14,6,65,15,15,8,103,1
14,6,56,7,12,12,87,1
14,6,50,12,15,18,95,1
14,6,74,9,11,12,106,1
14,6,82,5,12,34,133,3
14,6,58,19,12,17,106,1
14,6,70,10,14,32,126,3
14,6,17,1,1,17,36,1
14,6,15,0,0,16,31,1
14,6,14,5,1,12,32,1
15,7,13,0,1,12,26,1
15,7,17,3,1,17,38,1
15,7,18,1,0,16,35,1
15,7,10,1,1,12,24,1
15,7,61,26,1,16,104,1
15,7,72,26,6,4,108,1
15,7,75,1,8,10,94,1
15,7,75,1,7,9,92,1
15,7,93,5,4,1,103,1
15,7,111,18,41,2,172,4
15,7,114,27,46,0,187,4
15,7,139,19,50,2,210,4
15,7,109,14,38,1,162,3
15,7,150,13,31,4,198,4
15,7,122,13,47,3,185,4
15,7,114,24,46,2,186,4
15,7,119,36,41,0,196,4
15,7,108,35,39,0,182,4
15,7,113,18,28,1,160,3
15,7,118,36,37,0,191,4
15,7,113,35,48,3,199,4
15,7,37,5,13,11,66,1
15,7,82,17,31,20,150,3
15,7,112,15,40,10,177,4
15,7,94,20,35,17,166,3
15,7,21,30,5,5,61,1
15,7,49,16,9,12,86,1
15,7,129,28,40,6,203,4
15,7,141,18,28,8,195,4
15,7,131,14,43,7,195,4
15,7,105,38,23,5,171,4
15,7,125,35,37,5,202,4
15,7,127,36,42,9,214,4
15,7,129,22,25,9,185,4
15,7,121,39,47,8,215,4
15,7,138,29,42,9,218,4
15,7,119,26,21,5,171,4
15,7,138,17,48,8,211,4
15,7,72,12,14,32,130,3
15,7,59,23,10,35,127,3
15,7,20,3,0,16,39,1
15,7,11,0,1,11,23,1
16,1,19,4,0,17,40,1
16,1,61,4,5,17,87,1
16,1,91,8,6,2,107,1
16,1,94,4,5,2,105,1
16,1,91,2,3,5,101,1
16,1,134,15,42,5,196,4
16,1,121,35,39,4,199,4
16,1,118,40,40,3,201,4
16,1,115,17,40,1,173,4
16,1,106,22,37,0,165,3
16,1,147,26,40,0,213,4
16,1,102,13,31,2,148,3
16,1,130,40,31,2,203,4
16,1,102,17,33,0,152,3
16,1,105,13,48,5,171,4
16,1,129,24,25,0,178,4
16,1,117,11,45,0,173,4
16,1,80,14,35,18,147,3
16,1,18,15,9,15,57,1
16,1,37,18,8,16,79,1
16,1,10,7,5,14,36,1
16,1,20,17,9,5,51,1
16,1,70,22,38,7,137,3
16,1,23,13,12,6,54,1
16,1,74,18,37,11,140,3
16,1,62,15,8,11,96,1
16,1,111,32,43,5,191,4
16,1,145,12,41,6,204,4
16,1,139,11,20,7,177,4
16,1,129,40,31,10,210,4
16,1,128,22,28,8,186,4
16,1,127,32,29,7,195,4
16,1,120,35,44,8,207,4
16,1,106,11,41,7,165,3
16,1,114,40,31,5,190,4
16,1,110,25,19,34,188,4
16,1,70,16,19,33,138,3
16,1,73,16,14,34,137,3
16,1,54,20,10,9,93,1
16,1,90,6,18,32,146,3
16,1,12,1,0,11,24,1
16,1,13,5,1,12,31,1
16,1,18,4,0,11,33,1
16,1,10,4,1,12,27,1
17,2,15,2,1,15,33,1
17,2,13,5,0,17,35,1
17,2,14,0,0,16,30,1
17,2,62,20,4,18,104,1
17,2,50,13,2,14,79,1
17,2,68,10,8,1,87,1
17,2,106,13,39,1,159,3
17,2,105,32,47,4,188,4
17,2,150,19,34,4,207,4
17,2,137,38,39,2,216,4
17,2,113,11,32,1,157,3
17,2,117,30,26,5,178,4
17,2,130,10,37,1,178,4
17,2,150,32,31,1,214,4
17,2,146,10,30,3,189,4
17,2,123,24,46,2,195,4
17,2,110,24,26,4,164,3
17,2,111,33,31,2,177,4
17,2,132,18,32,2,184,4
17,2,7,16,11,14,48,1
17,2,42,25,38,18,123,3
17,2,82,13,28,5,128,3
17,2,120,20,21,18,179,4
17,2,114,11,39,10,174,4
17,2,99,24,30,10,163,3
17,2,78,18,30,8,134,3
17,2,107,28,38,9,182,4
17,2,123,28,24,10,185,4
17,2,126,15,28,6,175,4
17,2,147,28,23,5,203,4
17,2,100,21,33,7,161,3
17,2,130,34,30,6,200,4
17,2,118,40,29,10,197,4
17,2,113,38,44,9,204,4
17,2,117,29,29,9,184,4
17,2,106,12,20,32,170,4
17,2,66,6,12,33,117,3
18,3,20,5,0,10,35,1
18,3,14,5,0,17,36,1
18,3,19,0,0,18,37,1
18,3,50,4,6,13,73,1
18,3,128,11,46,4,189,4
18,3,129,39,43,0,211,4
18,3,129,27,38,0,194,4
18,3,141,15,21,5,182,4
18,3,120,22,29,1,172,4
18,3,141,24,47,4,216,4
18,3,149,24,33,1,207,4
18,3,140,40,36,1,217,4
18,3,140,20,36,0,196,4
18,3,107,13,31,4,155,3
18,3,141,15,32,4,192,4
18,3,120,27,38,4,189,4
18,3,54,10,30,28,122,3
18,3,96,23,31,14,164,3
18,3,96,22,36,5,159,3
18,3,114,21,32,5,172,4
18,3,74,27,34,10,145,3
18,3,14,16,9,14,53,1
18,3,84,30,26,10,150,3
18,3,110,15,46,5,176,4
18,3,138,39,31,7,215,4
18,3,118,32,32,10,192,4
18,3,104,29,32,7,172,4
18,3,134,39,21,9,203,4
18,3,107,15,48,5,175,4
18,3,139,25,43,7,214,4
18,3,128,20,20,6,174,4
18,3,101,13,47,10,171,4
18,3,51,23,15,13,102,1
18,3,105,25,11,35,176,4
18,3,74,9,13,6,102,1
18,3,57,14,11,33,115,3
18,3,105,14,16,33,168,4
18,3,13,1,1,18,33,1
19,4,13,5,0,12,30,1
19,4,18,5,0,12,35,1
19,4,14,2,0,15,31,1
19,4,16,3,0,15,34,1
19,4,17,5,0,18,40,1
19,4,15,4,0,14,33,1
19,4,12,3,1,13,29,1
19,4,12,0,1,13,26,1
19,4,18,2,0,16,36,1
19,4,88,3,6,4,101,1
19,4,107,26,31,2,166,3
19,4,103,11,35,5,154,3
19,4,145,13,33,3,194,4
19,4,143,22,37,4,206,4
19,4,113,38,50,3,204,4
19,4,149,10,47,3,209,4
19,4,132,33,35,2,202,4
19,4,119,40,41,2,202,4
19,4,133,31,27,2,193,4
19,4,140,20,44,4,208,4
19,4,140,34,31,1,206,4
19,4,128,37,50,2,217,4
19,4,132,11,24,3,170,4
19,4,99,14,33,14,160,3
19,4,10,1,13,7,31,1
19,4,74,21,29,26,150,3
19,4,50,17,38,24,129,3
19,4,24,20,7,9,60,1
19,4,52,13,15,10,90,1
19,4,133,10,46,10,199,4
19,4,104,31,37,6,178,4
19,4,100,38,36,9,183,4
19,4,127,25,37,5,194,4
19,4,118,32,48,6,204,4
19,4,147,19,31,8,205,4
19,4,123,36,34,5,198,4
19,4,121,16,42,8,187,4
19,4,119,38,47,7,211,4
19,4,132,30,41,6,209,4
19,4,52,6,12,18,88,1
19,4,50,16,20,31,117,3
19,4,66,11,18,34,129,3
19,4,56,23,10,18,107,1
19,4,60,18,11,16,105,1
19,4,78,20,11,35,144,3
19,4,18,1,0,10,29,1
19,4,12,4,1,18,35,1
19,4,14,4,0,15,33,1
19,4,15,4,0,17,36,1
20,5,14,4,1,12,31,1
20,5,16,2,0,15,33,1
20,5,13,4,1,14,32,1
20,5,18,4,0,18,40,1
20,5,18,1,1,12,32,1
20,5,15,4,1,16,36,1
20,5,61,5,3,14,83,1
20,5,27,15,6,10,58,1
20,5,74,11,5,15,105,1
20,5,70,6,7,14,97,1
20,5,33,6,0,11,50,1
20,5,29,12,1,13,55,1
20,5,69,5,7,10,91,1
20,5,41,16,7,15,79,1
20,5,35,11,5,11,62,1
20,5,25,9,6,14,54,1
20,5,65,15,1,11,92,1
20,5,66,6,3,14,89,1
20,5,27,6,5,15,53,1
20,5,75,6,1,10,92,1
20,5,54,11,4,12,81,1
20,5,54,18,3,12,87,1
20,5,69,8,0,14,91,1
20,5,52,19,6,10,87,1
20,5,66,8,0,12,86,1
20,5,54,11,0,13,78,1
20,5,151,48,15,3,217,4
20,5,170,62,18,2,252,4
20,5,134,59,11,3,207,4
20,5,166,63,22,1,252,4
20,5,173,64,10,2,249,4
20,5,176,45,22,2,245,4
20,5,162,59,27,1,249,4
20,5,171,46,15,3,235,4
20,5,158,44,26,2,230,4
20,5,151,64,16,0,231,4
20,5,162,65,14,3,244,4
20,5,179,44,23,1,247,4
20,5,175,59,11,3,248,4
20,5,173,63,13,2,251,4
20,5,144,66,11,3,224,4
20,5,132,68,22,4,226,4
20,5,161,50,10,0,221,4
20,5,151,56,29,1,237,4
20,5,168,59,24,1,252,4
20,5,144,65,20,3,232,4
20,5,179,63,12,2,256,4
20,5,161,56,12,4,233,4
20,5,134,67,12,1,214,4
20,5,140,70,23,4,237,4
20,5,50,26,9,1,86,1
20,5,55,28,5,0,88,1
20,5,65,20,2,0,87,1
20,5,60,21,2,1,84,1
20,5,36,8,3,9,56,1
20,5,39,5,4,11,59,1
20,5,26,8,3,0,37,1
20,5,23,4,0,5,32,1
20,5,50,2,0,4,56,1
20,5,30,2,3,1,36,1
20,5,48,10,4,2,64,1
20,5,39,6,6,1,52,1
20,5,47,10,3,9,69,1
20,5,26,3,5,3,37,1
20,5,25,6,3,9,43,1
20,5,19,1,0,11,31,1
20,5,14,5,0,11,30,1
20,5,18,5,1,11,35,1
21,7,16,3,0,14,33,1
21,7,20,0,1,17,38,1
21,7,19,1,0,14,34,1
21,7,12,2,1,10,25,1
21,7,14,1,1,12,28,1
21,7,87,7,7,4,105,1
21,7,51,7,4,5,67,1
21,7,79,1,10,6,96,1
21,7,100,40,29,5,174,4
21,7,112,13,39,0,164,3
21,7,120,16,34,2,172,4
21,7,123,14,26,3,166,3
21,7,142,27,27,4,200,4
21,7,139,38,49,2,228,4
21,7,134,24,21,2,181,4
21,7,102,13,31,0,146,3
21,7,102,16,43,4,165,3
21,7,106,16,32,1,155,3
21,7,117,19,42,3,181,4
21,7,139,36,40,3,218,4
21,7,81,10,39,29,159,3
21,7,67,20,33,29,149,3
21,7,46,24,35,16,121,3
21,7,68,29,29,20,146,3
21,7,45,16,15,5,81,1
21,7,44,16,9,13,82,1
21,7,138,18,20,8,184,4
21,7,142,24,39,9,214,4
21,7,116,35,42,6,199,4
21,7,149,22,37,8,216,4
21,7,100,12,39,7,158,3
21,7,101,23,45,5,174,4
21,7,122,40,48,10,220,4
21,7,112,34,39,9,194,4
21,7,112,12,41,5,170,4
21,7,116,22,23,7,168,4
21,7,90,13,15,33,151,3
21,7,61,17,10,8,96,1
21,7,65,16,12,32,125,3
21,7,82,16,14,34,146,3
21,7,15,5,0,14,34,1
21,7,18,5,1,13,37,1
21,7,14,4,0,10,28,1
21,7,10,2,1,15,28,1
22,6,11,5,1,11,28,1
22,6,20,4,1,17,42,1
22,6,12,2,1,18,33,1
22,6,15,0,1,16,32,1
22,6,19,5,0,15,39,1
22,6,14,5,0,10,29,1
22,6,18,2,1,12,33,1
22,6,13,4,0,17,34,1
22,6,59,29,9,14,111,1
22,6,83,6,4,9,102,1
22,6,150,19,24,3,196,4
22,6,148,35,46,1,230,4
22,6,146,23,23,4,196,4
22,6,140,21,39,3,203,4
22,6,149,36,35,1,221,4
22,6,125,34,42,0,201,4
22,6,147,34,20,5,206,4
22,6,128,33,21,4,186,4
22,6,111,38,50,5,204,4
22,6,144,20,32,4,200,4
22,6,136,36,40,4,216,4
22,6,75,17,37,29,158,3
22,6,45,6,7,15,73,1
22,6,96,16,39,17,168,4
22,6,60,18,28,12,118,3
22,6,118,15,27,13,173,4
22,6,132,12,27,9,180,4
22,6,149,14,50,5,218,4
22,6,106,35,41,5,187,4
22,6,150,29,27,7,213,4
22,6,110,30,46,5,191,4
22,6,129,35,34,5,203,4
22,6,133,21,26,5,185,4
22,6,148,34,45,7,234,4
22,6,144,39,43,8,234,4
22,6,126,27,44,8,205,4
22,6,103,34,49,5,191,4
22,6,69,23,12,31,135,3
22,6,63,18,11,5,97,1
23,1,13,2,1,17,33,1
23,1,10,2,1,12,25,1
23,1,12,0,1,16,29,1
23,1,13,1,1,16,31,1
23,1,17,3,0,10,30,1
23,1,10,4,1,16,31,1
23,1,20,1,1,16,38,1
23,1,16,1,1,15,33,1
23,1,51,14,0,5,70,1
23,1,63,25,2,8,98,1
23,1,72,7,1,4,84,1
23,1,86,18,6,1,111,1
23,1,120,36,32,0,188,4
23,1,135,20,31,0,186,4
23,1,112,40,42,3,197,4
23,1,135,13,20,3,171,4
23,1,150,25,36,0,211,4
23,1,108,40,45,1,194,4
23,1,131,18,41,1,191,4
23,1,148,31,20,4,203,4
23,1,120,26,22,1,169,4
23,1,147,12,32,0,191,4
23,1,73,9,35,12,129,3
23,1,18,6,6,6,36,1
23,1,82,2,40,17,141,3
23,1,42,14,15,14,85,1
23,1,56,18,29,17,120,3
23,1,65,16,32,15,128,3
23,1,107,11,26,19,163,3
23,1,45,17,7,6,75,1
23,1,104,40,22,9,175,4
23,1,113,21,26,5,165,3
23,1,120,29,37,6,192,4
23,1,129,10,39,6,184,4
23,1,119,29,40,10,198,4
23,1,119,25,32,9,185,4
23,1,123,10,30,7,170,4
23,1,111,33,28,5,177,4
23,1,110,12,47,8,177,4
23,1,139,15,43,9,206,4
23,1,132,29,25,7,193,4
23,1,86,24,20,34,164,3
23,1,54,9,15,7,85,1
23,1,59,12,16,35,122,3
23,1,73,18,10,35,136,3
23,1,106,9,12,31,158,3
23,1,18,3,0,11,32,1
23,1,12,3,1,13,29,1
24,2,17,2,0,18,37,1
24,2,11,4,0,12,27,1
24,2,15,5,1,16,37,1
24,2,19,4,1,17,41,1
24,2,10,2,1,12,25,1
24,2,10,0,0,11,21,1
24,2,10,1,0,12,23,1
24,2,73,12,5,5,95,1
24,2,80,10,4,15,109,1
24,2,68,17,6,10,101,1
24,2,109,40,38,0,187,4
24,2,124,25,31,1,181,4
24,2,126,22,21,1,170,4
24,2,120,31,29,5,185,4
24,2,101,20,47,5,173,4
24,2,139,40,48,2,229,4
24,2,137,40,21,5,203,4
24,2,131,26,36,0,193,4
24,2,114,27,45,4,190,4
24,2,102,14,46,1,163,3
24,2,116,24,32,5,177,4
24,2,41,12,15,10,78,1
24,2,90,25,26,10,151,3
24,2,108,21,37,14,180,4
24,2,53,19,33,9,114,3
24,2,75,23,31,13,142,3
24,2,47,21,9,18,95,1
24,2,116,20,17,19,172,4
24,2,65,14,6,9,94,1
24,2,100,21,45,9,175,4
24,2,121,24,31,6,182,4
24,2,110,15,50,5,180,4
24,2,103,17,28,5,153,3
24,2,136,38,20,5,199,4
24,2,119,22,32,9,182,4
24,2,132,17,36,5,190,4
24,2,147,10,41,5,203,4
24,2,111,12,44,6,173,4
24,2,102,27,32,5,166,3
24,2,137,25,29,7,198,4
24,2,71,17,15,31,134,3
24,2,91,9,11,32,143,3
24,2,95,6,11,35,147,3
24,2,76,16,10,31,133,3
24,2,102,18,19,29,168,4
24,2,60,23,10,13,106,1
24,2,104,15,10,32,161,3
24,2,12,1,0,12,25,1
25,3,13,1,0,10,24,1
25,3,20,0,0,10,30,1
25,3,19,1,1,11,32,1
25,3,15,1,1,15,32,1
25,3,59,25,2,7,93,1
25,3,58,25,2,5,90,1
25,3,113,40,36,4,193,4
25,3,113,16,50,2,181,4
25,3,121,27,50,4,202,4
25,3,150,17,28,0,195,4
25,3,136,29,23,0,188,4
25,3,142,32,27,2,203,4
25,3,106,32,42,2,182,4
25,3,131,19,26,1,177,4
25,3,133,23,21,3,180,4
25,3,123,17,50,1,191,4
25,3,124,21,35,2,182,4
25,3,136,26,20,4,186,4
25,3,92,10,39,19,160,3
25,3,58,13,10,12,93,1
25,3,22,28,11,18,79,1
25,3,92,18,34,18,162,3
25,3,97,17,38,20,172,4
25,3,92,18,31,6,147,3
25,3,67,22,7,5,101,1
25,3,144,15,42,8,209,4
25,3,120,11,47,7,185,4
25,3,108,10,36,6,160,3
25,3,141,13,50,6,210,4
25,3,121,37,29,8,195,4
25,3,142,40,22,6,210,4
25,3,137,23,28,7,195,4
25,3,117,10,27,8,162,3
25,3,100,16,37,7,160,3
25,3,148,11,42,8,209,4
25,3,148,27,39,6,220,4
25,3,75,9,14,6,104,1
25,3,87,21,14,34,156,3
25,3,64,24,11,6,105,1
25,3,69,11,12,8,100,1
25,3,104,10,16,33,163,3
25,3,98,13,13,33,157,3
25,3,13,5,0,18,36,1
25,3,17,1,0,11,29,1
25,3,17,4,0,11,32,1
26,4,10,1,0,17,28,1
26,4,14,2,1,14,31,1
26,4,54,14,10,16,94,1
26,4,55,15,1,10,81,1
26,4,64,27,5,5,101,1
26,4,52,13,5,15,85,1
26,4,73,11,4,3,91,1
26,4,106,27,45,5,183,4
26,4,145,21,40,5,211,4
26,4,133,19,28,5,185,4
26,4,117,31,49,0,197,4
26,4,146,17,34,0,197,4
26,4,101,35,42,3,181,4
26,4,103,28,32,1,164,3
26,4,150,10,26,0,186,4
26,4,135,23,48,0,206,4
26,4,104,10,48,2,164,3
26,4,144,39,50,1,234,4
26,4,132,10,49,0,191,4
26,4,142,19,31,1,193,4
26,4,27,24,10,5,66,1
26,4,84,11,27,26,148,3
26,4,82,30,32,10,154,3
26,4,57,12,9,17,95,1
26,4,79,17,34,8,138,3
26,4,69,14,32,18,133,3
26,4,127,27,40,5,199,4
26,4,136,10,27,7,180,4
26,4,148,14,37,9,208,4
26,4,122,16,28,6,172,4
26,4,132,12,45,9,198,4
26,4,136,29,29,10,204,4
26,4,103,33,48,10,194,4
26,4,132,37,23,10,202,4
26,4,136,39,39,6,220,4
26,4,120,24,36,5,185,4
26,4,126,34,38,9,207,4
26,4,101,15,12,35,163,3
26,4,17,5,1,16,39,1
26,4,17,2,0,17,36,1
26,4,15,2,0,15,32,1
26,4,20,0,1,12,33,1
27,5,15,2,1,16,34,1
27,5,20,2,0,17,39,1
27,5,12,2,0,16,30,1
27,5,12,0,0,11,23,1
27,5,19,5,1,18,43,1
27,5,11,0,0,15,26,1
27,5,15,4,1,17,37,1
27,5,39,14,0,15,68,1
27,5,33,7,3,10,53,1
27,5,77,8,7,15,107,1
27,5,53,11,7,15,86,1
27,5,73,17,6,13,109,1
27,5,76,14,1,12,103,1
27,5,58,14,0,15,87,1
27,5,57,18,7,13,95,1
27,5,80,16,0,10,106,1
27,5,38,7,1,13,59,1
27,5,53,20,6,12,91,1
27,5,30,9,7,10,56,1
27,5,50,19,4,10,83,1
27,5,31,14,3,14,62,1
27,5,28,18,5,10,61,1
27,5,31,15,4,12,62,1
27,5,52,19,0,10,81,1
27,5,42,9,2,13,66,1
27,5,151,55,27,2,235,4
27,5,180,69,29,1,279,4
27,5,149,41,23,3,216,4
27,5,167,60,27,3,257,4
27,5,134,45,22,3,204,4
27,5,180,62,26,4,272,4
27,5,156,54,25,3,238,4
27,5,171,60,18,1,250,4
27,5,174,53,10,3,240,4
27,5,154,61,16,3,234,4
27,5,161,53,11,1,226,4
27,5,148,48,13,2,211,4
27,5,136,60,27,2,225,4
27,5,143,68,16,0,227,4
27,5,152,51,22,2,227,4
27,5,132,58,15,4,209,4
27,5,155,58,15,4,232,4
27,5,144,62,12,3,221,4
27,5,161,51,20,1,233,4
27,5,137,46,13,2,198,4
27,5,149,61,16,1,227,4
27,5,158,46,20,1,225,4
27,5,134,65,22,0,221,4
27,5,134,65,10,2,211,4
27,5,73,24,4,0,101,1
27,5,61,26,8,0,95,1
27,5,75,24,8,0,107,1
27,5,68,29,14,0,111,1
27,5,66,23,10,0,99,1
27,5,50,23,1,0,74,1
27,5,33,6,0,4,43,1
27,5,21,5,6,15,47,1
27,5,22,7,1,2,32,1
27,5,31,6,0,15,52,1
27,5,41,8,3,2,54,1
27,5,24,6,5,11,46,1
27,5,45,6,6,10,67,1
27,5,24,11,6,2,43,1
27,5,47,6,2,12,67,1
27,5,46,1,1,4,52,1
27,5,26,3,2,3,34,1
27,5,19,0,1,17,37,1
27,5,19,4,0,12,35,1
27,5,12,0,0,17,29,1
28,6,19,4,0,14,37,1
28,6,20,0,0,11,31,1
28,6,15,2,0,18,35,1
28,6,11,2,0,18,31,1
28,6,19,0,0,17,36,1
28,6,18,3,0,17,38,1
28,6,128,18,31,3,180,4
28,6,127,24,27,0,178,4
28,6,130,31,22,0,183,4
28,6,108,13,38,1,160,3
28,6,116,22,37,2,177,4
28,6,143,28,27,4,202,4
28,6,118,32,21,5,176,4
28,6,121,35,32,0,188,4
28,6,109,28,39,2,178,4
28,6,135,11,23,5,174,4
28,6,100,30,29,2,161,3
28,6,138,32,26,4,200,4
28,6,42,9,37,28,116,3
28,6,80,6,12,6,104,1
28,6,44,17,27,30,118,3
28,6,25,12,13,5,55,1
28,6,110,23,34,9,176,4
28,6,80,26,35,6,147,3
28,6,101,37,48,9,195,4
28,6,149,32,29,10,220,4
28,6,136,21,33,9,199,4
28,6,125,14,26,5,170,4
28,6,118,28,23,8,177,4
28,6,114,32,45,6,197,4
28,6,123,37,46,8,214,4
28,6,111,25,35,10,181,4
28,6,66,8,11,9,94,1
28,6,53,22,14,35,124,3
28,6,74,10,12,32,128,3
28,6,61,21,15,32,129,3
28,6,74,16,14,34,138,3
28,6,17,0,1,12,30,1
28,6,14,0,0,14,28,1
28,6,17,2,0,18,37,1
29,7,19,5,0,12,36,1
29,7,19,2,1,12,34,1
29,7,55,4,7,13,79,1
29,7,82,2,4,14,102,1
29,7,86,5,1,13,105,1
29,7,112,30,26,0,168,4
29,7,147,31,46,0,224,4
29,7,116,20,40,2,178,4
29,7,138,13,21,5,177,4
29,7,132,25,40,2,199,4
29,7,124,14,31,4,173,4
29,7,104,24,29,5,162,3
29,7,140,31,21,4,196,4
29,7,121,35,37,3,196,4
29,7,135,23,37,5,200,4
29,7,149,20,30,5,204,4
29,7,117,14,39,0,170,4
29,7,54,24,37,20,135,3
29,7,56,14,38,12,120,3
29,7,29,18,10,9,66,1
29,7,53,27,27,17,124,3
29,7,95,22,28,9,154,3
29,7,68,28,31,15,142,3
29,7,144,28,24,8,204,4
29,7,112,31,43,8,194,4
29,7,149,28,20,10,207,4
29,7,131,29,34,8,202,4
29,7,104,31,41,9,185,4
29,7,141,30,27,7,205,4
29,7,117,10,47,9,183,4
29,7,112,13,37,6,168,4
29,7,127,40,39,8,214,4
29,7,131,15,31,6,183,4
29,7,66,8,10,11,95,1
29,7,61,23,18,34,136,3
29,7,74,9,14,35,132,3
29,7,57,14,11,16,98,1
29,7,73,9,13,5,100,1
29,7,10,4,1,13,28,1
29,7,16,1,0,12,29,1
30,1,13,3,1,12,29,1
30,1,10,3,1,12,26,1
30,1,15,4,0,12,31,1
30,1,14,0,0,15,29,1
30,1,16,0,0,16,32,1
30,1,94,1,1,14,110,1
30,1,63,12,10,17,102,1
30,1,148,26,25,0,199,4
30,1,115,20,31,3,169,4
30,1,140,38,38,0,216,4
30,1,150,17,35,5,207,4
30,1,149,11,42,2,204,4
30,1,150,22,38,3,213,4
30,1,147,32,25,4,208,4
30,1,138,39,45,4,226,4
30,1,149,16,49,1,215,4
30,1,139,10,50,2,201,4
30,1,109,25,49,2,185,4
30,1,38,8,6,5,57,1
30,1,55,25,33,21,134,3
30,1,83,22,40,20,165,3
30,1,101,22,39,19,181,4
30,1,62,29,31,11,133,3
30,1,42,22,5,9,78,1
30,1,37,17,12,16,82,1
30,1,137,14,41,10,202,4
30,1,122,21,20,10,173,4
30,1,104,19,39,9,171,4
30,1,147,21,40,9,217,4
30,1,105,38,34,7,184,4
30,1,124,23,46,5,198,4
30,1,135,18,20,5,178,4
30,1,107,35,23,8,173,4
30,1,136,32,26,8,202,4
30,1,134,23,49,8,214,4
30,1,60,21,13,6,100,1
30,1,68,6,15,34,123,3
30,1,67,19,12,9,107,1
30,1,109,25,16,20,170,4
30,1,15,5,1,14,35,1
30,1,18,4,0,11,33,1
31,2,19,3,0,18,40,1
31,2,17,0,1,14,32,1
31,2,10,2,0,18,30,1
31,2,19,4,0,16,39,1
31,2,16,1,0,15,32,1
31,2,16,4,0,15,35,1
31,2,13,0,0,16,29,1
31,2,65,10,3,8,86,1
31,2,60,20,5,6,91,1
31,2,70,13,4,13,100,1
31,2,129,31,36,1,197,4
31,2,146,28,47,3,224,4
31,2,137,23,27,0,187,4
31,2,131,28,24,0,183,4
31,2,134,10,44,0,188,4
31,2,108,35,22,3,168,4
31,2,146,14,37,2,199,4
31,2,147,21,41,5,214,4
31,2,110,34,35,0,179,4
31,2,110,40,50,2,202,4
31,2,145,25,20,5,195,4
31,2,6,24,12,13,55,1
31,2,60,19,14,7,100,1
31,2,86,13,27,11,137,3
31,2,126,24,35,8,193,4
31,2,117,28,33,10,188,4
31,2,144,36,49,10,239,4
31,2,137,19,23,9,188,4
31,2,118,19,48,5,190,4
31,2,119,27,28,8,182,4
31,2,117,34,36,10,197,4
31,2,124,30,44,10,208,4
31,2,141,36,48,5,230,4
31,2,100,18,16,34,168,4
31,2,69,13,13,8,103,1
31,2,64,14,10,6,94,1
31,2,17,5,0,14,36,1
31,2,15,5,0,18,38,1
31,2,14,5,0,13,32,1
1,3,19,1,1,18,39,1
1,3,15,5,1,12,33,1
1,3,15,0,1,13,29,1
1,3,18,5,1,12,36,1
1,3,15,0,0,18,33,1
1,3,14,1,0,12,27,1
1,3,16,4,0,18,38,1
1,3,56,21,3,0,80,1
1,3,69,14,6,18,107,1
1,3,109,38,34,5,186,4
1,3,147,38,23,3,211,4
1,3,135,19,48,5,207,4
1,3,101,23,41,5,170,4
1,3,138,21,28,1,188,4
1,3,136,20,32,1,189,4
1,3,123,19,25,5,172,4
1,3,108,30,46,5,189,4
1,3,128,15,43,5,191,4
1,3,129,37,41,1,208,4
1,3,127,18,28,3,176,4
1,3,142,37,46,3,228,4
1,3,149,26,46,1,222,4
1,3,108,24,34,7,173,4
1,3,108,17,33,7,165,3
1,3,16,21,10,16,63,1
1,3,91,22,34,8,155,3
1,3,89,19,37,18,163,3
1,3,76,28,39,14,157,3
1,3,102,37,48,9,196,4
1,3,115,36,41,8,200,4
1,3,142,23,23,6,194,4
1,3,134,15,29,8,186,4
1,3,146,18,49,9,222,4
1,3,126,24,48,9,207,4
1,3,138,18,27,6,189,4
1,3,129,13,43,6,191,4
1,3,127,35,23,10,195,4
1,3,144,20,22,7,193,4
1,3,117,19,31,7,174,4
1,3,90,7,17,31,145,3
1,3,74,6,12,34,126,3
1,3,71,16,14,9,110,1
1,3,15,2,0,10,27,1
1,3,14,1,1,17,33,1
2,4,10,4,1,11,26,1
2,4,11,0,0,16,27,1
2,4,13,1,1,13,28,1
2,4,17,5,1,15,38,1
2,4,19,3,0,13,35,1
2,4,19,3,1,12,35,1
2,4,54,15,10,8,87,1
2,4,107,0,1,2,110,1
2,4,78,2,4,9,93,1
2,4,143,33,27,1,204,4
2,4,133,40,37,0,210,4
2,4,123,37,34,4,198,4
2,4,133,34,36,1,204,4
2,4,145,10,37,0,192,4
2,4,141,39,40,5,225,4
2,4,134,12,22,2,170,4
2,4,126,10,26,4,166,3
2,4,136,22,31,0,189,4
2,4,128,26,42,4,200,4
2,4,106,12,28,4,150,3
2,4,140,27,36,2,205,4
2,4,40,20,37,28,125,3
2,4,59,5,36,12,112,3
2,4,116,21,22,17,176,4
2,4,70,13,12,10,105,1
2,4,24,20,15,17,76,1
2,4,113,38,45,7,203,4
2,4,110,31,37,7,185,4
2,4,126,15,26,6,173,4
2,4,100,15,29,7,151,3
2,4,147,28,29,10,214,4
2,4,146,22,50,10,228,4
2,4,148,23,27,5,203,4
2,4,149,17,41,9,216,4
2,4,136,32,41,7,216,4
2,4,101,22,33,9,165,3
2,4,87,18,13,34,152,3
2,4,50,21,14,9,94,1
2,4,63,23,19,34,139,3
2,4,73,9,11,5,98,1
2,4,62,21,10,35,128,3
2,4,100,17,16,33,166,3
2,4,102,14,15,34,165,3
2,4,68,12,15,32,127,3
2,4,12,0,0,12,24,1
2,4,15,2,1,14,32,1
3,5,11,2,0,17,30,1
3,5,14,1,1,11,27,1
3,5,11,5,1,11,28,1
3,5,17,5,0,15,37,1
3,5,20,0,0,12,32,1
3,5,29,10,0,12,51,1
3,5,39,20,1,10,70,1
3,5,76,9,7,13,105,1
3,5,33,17,0,13,63,1
3,5,64,14,1,12,91,1
3,5,44,7,1,11,63,1
3,5,53,8,4,15,80,1
3,5,75,6,7,13,101,1
3,5,60,11,4,10,85,1
3,5,35,14,2,14,65,1
3,5,27,10,2,12,51,1
3,5,61,20,7,14,102,1
3,5,43,18,6,14,81,1
3,5,54,10,4,14,82,1
3,5,30,12,1,14,57,1
3,5,72,8,6,12,98,1
3,5,55,17,7,15,94,1
3,5,36,20,0,13,69,1
3,5,168,55,10,0,233,4
3,5,135,61,28,2,226,4
3,5,168,68,27,2,265,4
3,5,139,44,16,1,200,4
3,5,156,63,12,3,234,4
3,5,141,51,27,3,222,4
3,5,144,44,16,3,207,4
3,5,132,65,23,0,220,4
3,5,180,48,17,2,247,4
3,5,140,67,20,4,231,4
3,5,163,62,12,0,237,4
3,5,148,70,15,0,233,4
3,5,134,47,22,3,206,4
3,5,162,51,13,0,226,4
3,5,136,49,15,1,201,4
3,5,147,52,26,0,225,4
3,5,174,54,25,1,254,4
3,5,135,69,20,1,225,4
3,5,142,55,21,1,219,4
3,5,144,59,14,2,219,4
3,5,180,49,17,0,246,4
3,5,153,59,20,4,236,4
3,5,139,43,27,3,212,4
3,5,179,60,12,0,251,4
3,5,76,21,6,1,104,1
3,5,51,20,12,1,84,1
3,5,50,24,11,0,85,1
3,5,59,25,8,0,92,1
3,5,90,21,0,0,111,1
3,5,56,21,4,1,82,1
3,5,70,25,11,2,108,1
3,5,53,22,13,2,90,1
3,5,59,27,5,2,93,1
3,5,32,5,5,13,55,1
3,5,36,6,7,2,51,1
3,5,35,10,0,2,47,1
3,5,40,10,5,10,65,1
3,5,44,6,1,3,54,1
3,5,40,6,1,3,50,1
3,5,45,2,7,7,61,1
3,5,44,2,6,5,57,1
3,5,33,4,4,5,46,1
3,5,22,5,3,13,43,1
3,5,33,5,5,1,44,1
3,5,18,4,1,11,34,1
4,6,16,4,1,15,36,1
4,6,10,4,1,16,31,1
4,6,15,5,0,10,30,1
4,6,15,0,0,15,30,1
4,6,14,0,1,12,27,1
4,6,10,1,0,11,22,1
4,6,18,5,0,18,41,1
4,6,12,4,0,11,27,1
4,6,74,4,4,13,95,1
4,6,102,21,42,3,168,4
4,6,140,35,50,0,225,4
4,6,105,33,29,4,171,4
4,6,134,26,27,1,188,4
4,6,123,35,45,1,204,4
4,6,128,31,26,0,185,4
4,6,105,32,43,0,180,4
4,6,137,13,31,5,186,4
4,6,148,37,46,2,233,4
4,6,105,14,35,2,156,3
4,6,148,17,42,5,212,4
4,6,116,22,30,3,171,4
4,6,143,28,46,1,218,4
4,6,30,24,13,13,80,1
4,6,74,23,35,10,142,3
4,6,67,5,36,17,125,3
4,6,59,11,33,25,128,3
4,6,73,12,32,5,122,3
4,6,47,29,28,9,113,3
4,6,114,11,40,20,185,4
4,6,112,16,30,11,169,4
4,6,120,30,28,15,193,4
4,6,38,27,12,18,95,1
4,6,107,28,45,8,188,4
4,6,100,16,49,7,172,4
4,6,145,15,20,9,189,4
4,6,133,17,22,8,180,4
4,6,117,36,41,10,204,4
4,6,113,26,26,8,173,4
4,6,149,33,45,10,237,4
4,6,134,35,26,7,202,4
4,6,106,11,45,9,171,4
4,6,121,37,34,6,198,4
4,6,10,1,1,12,24,1
4,6,16,4,0,16,36,1
4,6,18,1,0,18,37,1
4,6,18,1,0,16,35,1
5,7,11,5,0,14,30,1
5,7,19,1,0,11,31,1
5,7,18,4,0,11,33,1
5,7,15,3,1,12,31,1
5,7,66,20,2,16,104,1
5,7,147,26,44,5,222,4
5,7,139,27,29,1,196,4
5,7,119,31,36,5,191,4
5,7,105,17,29,4,155,3
5,7,124,29,41,1,195,4
5,7,118,19,34,1,172,4
5,7,101,37,32,0,170,4
5,7,109,11,48,1,169,4
5,7,143,12,23,3,181,4
5,7,143,40,30,0,213,4
5,7,128,16,34,0,178,4
5,7,14,25,14,16,69,1
5,7,92,3,33,21,149,3
5,7,91,16,28,9,144,3
5,7,90,30,32,8,160,3
5,7,120,21,22,14,177,4
5,7,120,12,40,13,185,4
5,7,70,18,28,5,121,3
5,7,56,17,15,8,96,1
5,7,141,15,20,6,182,4
5,7,150,19,46,7,222,4
5,7,119,37,22,8,186,4
5,7,144,14,44,5,207,4
5,7,110,25,46,6,187,4
5,7,138,15,31,10,194,4
5,7,140,35,41,5,221,4
5,7,103,24,28,8,163,3
5,7,142,27,30,5,204,4
5,7,149,13,22,9,193,4
5,7,126,40,39,8,213,4
5,7,53,19,11,18,101,1
5,7,102,6,14,35,157,3
5,7,66,12,16,33,127,3
5,7,18,4,0,18,40,1
6,1,19,5,1,15,40,1
6,1,15,2,1,16,34,1
6,1,14,5,0,17,36,1
6,1,11,3,1,10,25,1
6,1,12,4,0,16,32,1
6,1,94,1,9,3,107,1
6,1,56,11,9,15,91,1
6,1,80,16,5,10,111,1
6,1,138,35,47,4,224,4
6,1,123,27,22,4,176,4
6,1,114,30,36,2,182,4
6,1,122,30,37,2,191,4
6,1,148,10,28,2,188,4
6,1,127,38,48,0,213,4
6,1,113,32,44,1,190,4
6,1,131,26,40,1,198,4
6,1,108,27,44,5,184,4
6,1,109,19,49,3,180,4
6,1,125,15,28,3,171,4
6,1,139,30,35,4,208,4
6,1,103,35,50,2,190,4
6,1,64,13,40,12,129,3
6,1,50,2,7,14,73,1
6,1,99,16,39,26,180,4
6,1,70,21,32,18,141,3
6,1,51,22,12,16,101,1
6,1,139,25,41,5,210,4
6,1,109,12,49,6,176,4
6,1,124,24,47,9,204,4
6,1,135,29,39,7,210,4
6,1,137,15,37,7,196,4
6,1,119,28,46,9,202,4
6,1,127,21,28,5,181,4
6,1,109,37,44,9,199,4
6,1,145,27,35,7,214,4
6,1,133,36,28,6,203,4
6,1,138,19,36,5,198,4
6,1,83,11,14,33,141,3
6,1,54,17,14,8,93,1
6,1,58,18,14,6,96,1
6,1,56,16,12,9,93,1
6,1,105,14,13,32,164,3
6,1,13,1,0,11,25,1
7,2,16,3,0,15,34,1
7,2,15,1,1,15,32,1
7,2,60,12,8,15,95,1
7,2,67,23,7,3,100,1
7,2,66,6,9,5,86,1
7,2,121,22,30,0,173,4
7,2,130,27,39,5,201,4
7,2,139,31,44,3,217,4
7,2,129,14,43,5,191,4
7,2,131,28,43,5,207,4
7,2,119,39,24,1,183,4
7,2,142,25,34,5,206,4
7,2,123,22,22,3,170,4
7,2,115,39,20,2,176,4
7,2,111,17,32,1,161,3
7,2,126,31,48,2,207,4
7,2,51,14,33,14,112,3
7,2,101,21,34,18,174,4
7,2,98,29,34,12,173,4
7,2,75,24,27,7,133,3
7,2,71,21,38,11,141,3
7,2,119,13,32,7,171,4
7,2,114,11,39,13,177,4
7,2,114,26,16,20,176,4
7,2,120,32,39,9,200,4
7,2,143,24,35,6,208,4
7,2,121,28,21,5,175,4
7,2,134,23,28,10,195,4
7,2,103,13,37,10,163,3
7,2,122,12,48,10,192,4
7,2,145,39,23,6,213,4
7,2,105,13,48,10,176,4
7,2,144,13,40,10,207,4
7,2,103,18,40,5,166,3
7,2,120,15,34,8,177,4
7,2,58,23,14,34,129,3
7,2,58,13,11,33,115,3
7,2,54,9,12,10,85,1
7,2,18,5,0,11,34,1
8,3,16,3,1,11,31,1
8,3,18,2,1,13,34,1
8,3,12,2,1,17,32,1
8,3,17,4,1,15,37,1
8,3,20,1,1,10,32,1
8,3,19,0,1,13,33,1
8,3,10,3,0,14,27,1
8,3,17,5,1,17,40,1
8,3,16,1,0,11,28,1
8,3,69,18,0,12,99,1
8,3,85,9,4,11,109,1
8,3,133,28,31,3,195,4
8,3,108,39,34,5,186,4
8,3,101,12,48,1,162,3
8,3,145,11,29,1,186,4
8,3,112,33,29,3,177,4
8,3,111,18,32,4,165,3
8,3,133,39,44,2,218,4
8,3,115,34,37,5,191,4
8,3,135,35,38,3,211,4
8,3,142,40,28,3,213,4
8,3,124,11,27,2,164,3
8,3,122,29,31,5,187,4
8,3,42,25,37,12,116,3
8,3,81,25,40,20,166,3
8,3,84,9,31,17,141,3
8,3,111,18,29,16,174,4
8,3,145,12,24,8,189,4
8,3,118,17,28,8,171,4
8,3,145,20,47,8,220,4
8,3,140,25,46,10,221,4
8,3,120,35,43,7,205,4
8,3,126,24,31,7,188,4
8,3,106,22,43,5,176,4
8,3,137,40,28,9,214,4
8,3,108,40,25,6,179,4
8,3,135,15,50,6,206,4
8,3,121,21,49,8,199,4
8,3,56,14,14,31,115,3
8,3,16,5,0,14,35,1
8,3,18,5,1,15,39,1
8,3,10,5,0,14,29,1
9,4,18,3,0,14,35,1
9,4,11,2,0,12,25,1
9,4,17,1,1,13,32,1
9,4,12,3,0,17,32,1
9,4,12,0,1,16,29,1
9,4,71,22,5,2,100,1
9,4,62,12,3,18,95,1
9,4,141,30,31,1,203,4
9,4,126,31,33,2,192,4
9,4,112,26,30,4,172,4
9,4,112,12,38,4,166,3
9,4,144,14,33,4,195,4
9,4,127,13,36,1,177,4
9,4,146,10,44,5,205,4
9,4,146,22,26,4,198,4
9,4,101,10,48,5,164,3
9,4,150,20,43,0,213,4
9,4,110,35,45,2,192,4
9,4,139,15,28,2,184,4
9,4,99,17,32,7,155,3
9,4,54,1,35,26,116,3
9,4,26,16,13,16,71,1
9,4,99,18,39,19,175,4
9,4,62,23,38,19,142,3
9,4,35,20,10,8,73,1
9,4,53,21,6,11,91,1
9,4,99,16,38,7,160,3
9,4,86,21,31,18,156,3
9,4,79,28,35,13,155,3
9,4,146,25,33,8,212,4
9,4,116,24,36,6,182,4
9,4,107,14,44,5,170,4
9,4,115,20,27,9,171,4
9,4,113,23,43,6,185,4
9,4,102,20,31,5,158,3
9,4,138,27,21,7,193,4
9,4,146,13,38,9,206,4
9,4,139,33,41,7,220,4
9,4,130,24,48,9,211,4
9,4,135,31,34,8,208,4
9,4,109,23,14,26,172,4
9,4,67,19,11,8,105,1
9,4,61,14,10,5,90,1
9,4,91,5,12,34,142,3
9,4,14,3,1,15,33,1
